baseline,seed,num_agents,success,success_rate,solver,failure_reason,instance_makespan,lower_bound_steps,lower_bound_distance,makespan_over_lower_bound,sum_of_costs,waiting_time_agent_steps,throughput_tasks_per_1000_steps,conflicts_total,elapsed_assignment_s,elapsed_planner_s,elapsed_s,starts_json,goals_json,diagnostics_json
prioritized_planning_default_order,0,10,True,1.0,prioritized_graph_astar,,85,85,75900.0,1.0,627,223,117.6470588235294,0,0.0,0.01379300000553485,0.01379300000553485,"{""agv_0"": ""2844"", ""agv_1"": ""0588"", ""agv_2"": ""0538"", ""agv_3"": ""2884"", ""agv_4"": ""2231"", ""agv_5"": ""2393"", ""agv_6"": ""2321"", ""agv_7"": ""2931"", ""agv_8"": ""2433"", ""agv_9"": ""2461""}","{""agv_0"": ""0398"", ""agv_1"": ""2697"", ""agv_2"": ""2437"", ""agv_3"": ""0022"", ""agv_4"": ""2293"", ""agv_5"": ""0256"", ""agv_6"": ""2743"", ""agv_7"": ""2224"", ""agv_8"": ""2581"", ""agv_9"": ""0206""}","{""assignment"": ""fixed_agent_goal_pairs"", ""baseline_note"": ""graph-native prioritized planning in default agent order"", ""external_backend_enabled"": false}"
priority_search,0,10,True,1.0,priority_search,,85,85,75900.0,1.0,627,223,117.6470588235294,0,0.0,0.0206017000018619,0.0206017000018619,"{""agv_0"": ""2844"", ""agv_1"": ""0588"", ""agv_2"": ""0538"", ""agv_3"": ""2884"", ""agv_4"": ""2231"", ""agv_5"": ""2393"", ""agv_6"": ""2321"", ""agv_7"": ""2931"", ""agv_8"": ""2433"", ""agv_9"": ""2461""}","{""agv_0"": ""0398"", ""agv_1"": ""2697"", ""agv_2"": ""2437"", ""agv_3"": ""0022"", ""agv_4"": ""2293"", ""agv_5"": ""0256"", ""agv_6"": ""2743"", ""agv_7"": ""2224"", ""agv_8"": ""2581"", ""agv_9"": ""0206""}","{""base_solver"": ""prioritized_graph_astar"", ""baseline_note"": ""multi-order prioritized planning; full PBS constraint tree deferred"", ""orders_tried"": 1, ""priority_order"": [""agv_0"", ""agv_1"", ""agv_2"", ""agv_3"", ""agv_4"", ""agv_5"", ""agv_6"", ""agv_7"", ""agv_8"", ""agv_9""]}"
hungarian_prioritized_planning,0,10,False,0.0,prioritized_graph_astar,prioritized_block,0,74,65900.0,inf,0,0,0.0,0,0.0002018999948631972,0.10964019999664742,0.10984209999151062,"{""agv_0"": ""2844"", ""agv_1"": ""0588"", ""agv_2"": ""0538"", ""agv_3"": ""2884"", ""agv_4"": ""2231"", ""agv_5"": ""2393"", ""agv_6"": ""2321"", ""agv_7"": ""2931"", ""agv_8"": ""2433"", ""agv_9"": ""2461""}","{""agv_0"": ""2743"", ""agv_1"": ""0206"", ""agv_2"": ""0256"", ""agv_3"": ""2437"", ""agv_4"": ""0022"", ""agv_5"": ""2224"", ""agv_6"": ""0398"", ""agv_7"": ""2697"", ""agv_8"": ""2293"", ""agv_9"": ""2581""}","{""assigned_agents"": 10, ""assignment"": ""hungarian_goal"", ""baseline_note"": ""Hungarian assignment + graph-native prioritized planning"", ""external_backend_enabled"": false, ""failed_agent"": ""agv_5"", ""failure_subtype"": ""prioritized_block""}"
fifo_nearest_prioritized_planning,0,10,False,0.0,prioritized_graph_astar,prioritized_block,0,81,72700.0,inf,0,0,0.0,0,6.140000186860561e-05,0.1047588000074029,0.1048202000092715,"{""agv_0"": ""2844"", ""agv_1"": ""0588"", ""agv_2"": ""0538"", ""agv_3"": ""2884"", ""agv_4"": ""2231"", ""agv_5"": ""2393"", ""agv_6"": ""2321"", ""agv_7"": ""2931"", ""agv_8"": ""2433"", ""agv_9"": ""2461""}","{""agv_0"": ""2437"", ""agv_1"": ""2293"", ""agv_2"": ""0398"", ""agv_3"": ""2743"", ""agv_4"": ""0022"", ""agv_5"": ""2581"", ""agv_6"": ""0256"", ""agv_7"": ""2224"", ""agv_8"": ""0206"", ""agv_9"": ""2697""}","{""assigned_agents"": 10, ""assignment"": ""fifo_nearest_goal"", ""baseline_note"": ""FIFO-nearest assignment + graph-native prioritized planning"", ""external_backend_enabled"": false, ""failed_agent"": ""agv_5"", ""failure_subtype"": ""prioritized_block""}"
opentcs_default_emulator,0,10,False,0.0,opentcs_default_emulator,timeout,512,92,80900.0,inf,304,4816,0.0,0,7.480000203941017e-05,0.016293400010908954,0.016368200012948364,"{""agv_0"": ""2844"", ""agv_1"": ""0588"", ""agv_2"": ""0538"", ""agv_3"": ""2884"", ""agv_4"": ""2231"", ""agv_5"": ""2393"", ""agv_6"": ""2321"", ""agv_7"": ""2931"", ""agv_8"": ""2433"", ""agv_9"": ""2461""}","{""agv_0"": ""2743"", ""agv_1"": ""0206"", ""agv_2"": ""0256"", ""agv_3"": ""2224"", ""agv_4"": ""0022"", ""agv_5"": ""0398"", ""agv_6"": ""2293"", ""agv_7"": ""2581"", ""agv_8"": ""2437"", ""agv_9"": ""2697""}","{""assigned_agents"": 10, ""assignment"": ""opentcs_default_dispatcher_vehicle_first_cost_greedy"", ""blocked_move_requests"": 1449, ""deadlock_recovery"": ""not_emulated"", ""emulation_scope"": ""dispatcher_router_scheduler"", ""queued_retries"": 1446, ""routes"": {""agv_0"": 27, ""agv_1"": 26, ""agv_2"": 26, ""agv_3"": 41, ""agv_4"": 16, ""agv_5"": 69, ""agv_6"": 63, ""agv_7"": 48, ""agv_8"": 92, ""agv_9"": 33}, ""routing"": ""individual_shortest_path_distance"", ""scheduler"": ""queued_resource_allocator_emulator"", ""timed_out"": true}"
prioritized_planning_default_order,1,10,True,1.0,prioritized_graph_astar,,86,86,75400.0,1.0,540,320,116.27906976744185,0,0.0,0.012694700009888038,0.012694700009888038,"{""agv_0"": ""0513"", ""agv_1"": ""2456"", ""agv_2"": ""0043"", ""agv_3"": ""0545"", ""agv_4"": ""0356"", ""agv_5"": ""2607"", ""agv_6"": ""2057"", ""agv_7"": ""2892"", ""agv_8"": ""0273"", ""agv_9"": ""0925""}","{""agv_0"": ""2890"", ""agv_1"": ""2231"", ""agv_2"": ""2780"", ""agv_3"": ""2708"", ""agv_4"": ""0197"", ""agv_5"": ""2722"", ""agv_6"": ""0595"", ""agv_7"": ""0724"", ""agv_8"": ""0525"", ""agv_9"": ""2303""}","{""assignment"": ""fixed_agent_goal_pairs"", ""baseline_note"": ""graph-native prioritized planning in default agent order"", ""external_backend_enabled"": false}"
priority_search,1,10,True,1.0,priority_search,,86,86,75400.0,1.0,540,320,116.27906976744185,0,0.0,0.01832719999947585,0.01832719999947585,"{""agv_0"": ""0513"", ""agv_1"": ""2456"", ""agv_2"": ""0043"", ""agv_3"": ""0545"", ""agv_4"": ""0356"", ""agv_5"": ""2607"", ""agv_6"": ""2057"", ""agv_7"": ""2892"", ""agv_8"": ""0273"", ""agv_9"": ""0925""}","{""agv_0"": ""2890"", ""agv_1"": ""2231"", ""agv_2"": ""2780"", ""agv_3"": ""2708"", ""agv_4"": ""0197"", ""agv_5"": ""2722"", ""agv_6"": ""0595"", ""agv_7"": ""0724"", ""agv_8"": ""0525"", ""agv_9"": ""2303""}","{""base_solver"": ""prioritized_graph_astar"", ""baseline_note"": ""multi-order prioritized planning; full PBS constraint tree deferred"", ""orders_tried"": 1, ""priority_order"": [""agv_0"", ""agv_1"", ""agv_2"", ""agv_3"", ""agv_4"", ""agv_5"", ""agv_6"", ""agv_7"", ""agv_8"", ""agv_9""]}"
hungarian_prioritized_planning,1,10,True,1.0,prioritized_graph_astar,,81,81,73750.0,1.0,342,468,123.45679012345678,0,0.00015719998918939382,0.01080530000035651,0.010962499989545904,"{""agv_0"": ""0513"", ""agv_1"": ""2456"", ""agv_2"": ""0043"", ""agv_3"": ""0545"", ""agv_4"": ""0356"", ""agv_5"": ""2607"", ""agv_6"": ""2057"", ""agv_7"": ""2892"", ""agv_8"": ""0273"", ""agv_9"": ""0925""}","{""agv_0"": ""0525"", ""agv_1"": ""2303"", ""agv_2"": ""2708"", ""agv_3"": ""0595"", ""agv_4"": ""2231"", ""agv_5"": ""2890"", ""agv_6"": ""2780"", ""agv_7"": ""2722"", ""agv_8"": ""0197"", ""agv_9"": ""0724""}","{""assigned_agents"": 10, ""assignment"": ""hungarian_goal"", ""baseline_note"": ""Hungarian assignment + graph-native prioritized planning"", ""external_backend_enabled"": false}"
fifo_nearest_prioritized_planning,1,10,True,1.0,prioritized_graph_astar,,59,59,53900.0,1.0,382,208,169.4915254237288,0,5.60000044060871e-05,0.007857699994929135,0.007913699999335222,"{""agv_0"": ""0513"", ""agv_1"": ""2456"", ""agv_2"": ""0043"", ""agv_3"": ""0545"", ""agv_4"": ""0356"", ""agv_5"": ""2607"", ""agv_6"": ""2057"", ""agv_7"": ""2892"", ""agv_8"": ""0273"", ""agv_9"": ""0925""}","{""agv_0"": ""0595"", ""agv_1"": ""2231"", ""agv_2"": ""0724"", ""agv_3"": ""0197"", ""agv_4"": ""0525"", ""agv_5"": ""2708"", ""agv_6"": ""2890"", ""agv_7"": ""2780"", ""agv_8"": ""2303"", ""agv_9"": ""2722""}","{""assigned_agents"": 10, ""assignment"": ""fifo_nearest_goal"", ""baseline_note"": ""FIFO-nearest assignment + graph-native prioritized planning"", ""external_backend_enabled"": false}"
opentcs_default_emulator,1,10,False,0.0,opentcs_default_emulator,timeout,512,71,63950.0,inf,366,4754,0.0,0,6.210000719875097e-05,0.014966499991714954,0.015028599998913705,"{""agv_0"": ""0513"", ""agv_1"": ""2456"", ""agv_2"": ""0043"", ""agv_3"": ""0545"", ""agv_4"": ""0356"", ""agv_5"": ""2607"", ""agv_6"": ""2057"", ""agv_7"": ""2892"", ""agv_8"": ""0273"", ""agv_9"": ""0925""}","{""agv_0"": ""0525"", ""agv_1"": ""2231"", ""agv_2"": ""0595"", ""agv_3"": ""0724"", ""agv_4"": ""0197"", ""agv_5"": ""2722"", ""agv_6"": ""2780"", ""agv_7"": ""2890"", ""agv_8"": ""2303"", ""agv_9"": ""2708""}","{""assigned_agents"": 10, ""assignment"": ""opentcs_default_dispatcher_vehicle_first_cost_greedy"", ""blocked_move_requests"": 977, ""deadlock_recovery"": ""not_emulated"", ""emulation_scope"": ""dispatcher_router_scheduler"", ""queued_retries"": 972, ""routes"": {""agv_0"": 17, ""agv_1"": 35, ""agv_2"": 33, ""agv_3"": 39, ""agv_4"": 58, ""agv_5"": 26, ""agv_6"": 10, ""agv_7"": 38, ""agv_8"": 59, ""agv_9"": 71}, ""routing"": ""individual_shortest_path_distance"", ""scheduler"": ""queued_resource_allocator_emulator"", ""timed_out"": true}"
prioritized_planning_default_order,2,10,True,1.0,prioritized_graph_astar,,74,74,67600.0,1.0,523,217,135.13513513513513,0,0.0,0.008960499995737337,0.008960499995737337,"{""agv_0"": ""0415"", ""agv_1"": ""2724"", ""agv_2"": ""0434"", ""agv_3"": ""0527"", ""agv_4"": ""0576"", ""agv_5"": ""2961"", ""agv_6"": ""2800"", ""agv_7"": ""0281"", ""agv_8"": ""2695"", ""agv_9"": ""2316""}","{""agv_0"": ""0549"", ""agv_1"": ""0227"", ""agv_2"": ""0625"", ""agv_3"": ""2380"", ""agv_4"": ""2480"", ""agv_5"": ""2576"", ""agv_6"": ""0305"", ""agv_7"": ""0726"", ""agv_8"": ""2698"", ""agv_9"": ""2030""}","{""assignment"": ""fixed_agent_goal_pairs"", ""baseline_note"": ""graph-native prioritized planning in default agent order"", ""external_backend_enabled"": false}"
priority_search,2,10,True,1.0,priority_search,,74,74,67600.0,1.0,523,217,135.13513513513513,0,0.0,0.013373399997362867,0.013373399997362867,"{""agv_0"": ""0415"", ""agv_1"": ""2724"", ""agv_2"": ""0434"", ""agv_3"": ""0527"", ""agv_4"": ""0576"", ""agv_5"": ""2961"", ""agv_6"": ""2800"", ""agv_7"": ""0281"", ""agv_8"": ""2695"", ""agv_9"": ""2316""}","{""agv_0"": ""0549"", ""agv_1"": ""0227"", ""agv_2"": ""0625"", ""agv_3"": ""2380"", ""agv_4"": ""2480"", ""agv_5"": ""2576"", ""agv_6"": ""0305"", ""agv_7"": ""0726"", ""agv_8"": ""2698"", ""agv_9"": ""2030""}","{""base_solver"": ""prioritized_graph_astar"", ""baseline_note"": ""multi-order prioritized planning; full PBS constraint tree deferred"", ""orders_tried"": 1, ""priority_order"": [""agv_0"", ""agv_1"", ""agv_2"", ""agv_3"", ""agv_4"", ""agv_5"", ""agv_6"", ""agv_7"", ""agv_8"", ""agv_9""]}"
hungarian_prioritized_planning,2,10,True,1.0,prioritized_graph_astar,,68,68,58300.0,1.0,323,357,147.05882352941177,0,0.00014170000213198364,0.007847899993066676,0.00798959999519866,"{""agv_0"": ""0415"", ""agv_1"": ""2724"", ""agv_2"": ""0434"", ""agv_3"": ""0527"", ""agv_4"": ""0576"", ""agv_5"": ""2961"", ""agv_6"": ""2800"", ""agv_7"": ""0281"", ""agv_8"": ""2695"", ""agv_9"": ""2316""}","{""agv_0"": ""0227"", ""agv_1"": ""2480"", ""agv_2"": ""0305"", ""agv_3"": ""2030"", ""agv_4"": ""0726"", ""agv_5"": ""2380"", ""agv_6"": ""2698"", ""agv_7"": ""0625"", ""agv_8"": ""2576"", ""agv_9"": ""0549""}","{""assigned_agents"": 10, ""assignment"": ""hungarian_goal"", ""baseline_note"": ""Hungarian assignment + graph-native prioritized planning"", ""external_backend_enabled"": false}"
fifo_nearest_prioritized_planning,2,10,True,1.0,prioritized_graph_astar,,78,78,70700.0,1.0,355,425,128.2051282051282,0,5.780000356025994e-05,0.00812660000519827,0.00818440000875853,"{""agv_0"": ""0415"", ""agv_1"": ""2724"", ""agv_2"": ""0434"", ""agv_3"": ""0527"", ""agv_4"": ""0576"", ""agv_5"": ""2961"", ""agv_6"": ""2800"", ""agv_7"": ""0281"", ""agv_8"": ""2695"", ""agv_9"": ""2316""}","{""agv_0"": ""0227"", ""agv_1"": ""2480"", ""agv_2"": ""0726"", ""agv_3"": ""0549"", ""agv_4"": ""0625"", ""agv_5"": ""2030"", ""agv_6"": ""2698"", ""agv_7"": ""0305"", ""agv_8"": ""2576"", ""agv_9"": ""2380""}","{""assigned_agents"": 10, ""assignment"": ""fifo_nearest_goal"", ""baseline_note"": ""FIFO-nearest assignment + graph-native prioritized planning"", ""external_backend_enabled"": false}"
opentcs_default_emulator,2,10,True,1.0,opentcs_default_emulator,,60,60,50850.0,1.0,355,245,166.66666666666666,0,6.50999863864854e-05,0.002155999987735413,0.0022210999741218984,"{""agv_0"": ""0415"", ""agv_1"": ""2724"", ""agv_2"": ""0434"", ""agv_3"": ""0527"", ""agv_4"": ""0576"", ""agv_5"": ""2961"", ""agv_6"": ""2800"", ""agv_7"": ""0281"", ""agv_8"": ""2695"", ""agv_9"": ""2316""}","{""agv_0"": ""0227"", ""agv_1"": ""2480"", ""agv_2"": ""0305"", ""agv_3"": ""0549"", ""agv_4"": ""0726"", ""agv_5"": ""2576"", ""agv_6"": ""2698"", ""agv_7"": ""2030"", ""agv_8"": ""2380"", ""agv_9"": ""0625""}","{""assigned_agents"": 10, ""assignment"": ""opentcs_default_dispatcher_vehicle_first_cost_greedy"", ""blocked_move_requests"": 0, ""deadlock_recovery"": ""not_emulated"", ""emulation_scope"": ""dispatcher_router_scheduler"", ""queued_retries"": 0, ""routes"": {""agv_0"": 21, ""agv_1"": 19, ""agv_2"": 44, ""agv_3"": 18, ""agv_4"": 15, ""agv_5"": 45, ""agv_6"": 40, ""agv_7"": 41, ""agv_8"": 60, ""agv_9"": 52}, ""routing"": ""individual_shortest_path_distance"", ""scheduler"": ""queued_resource_allocator_emulator"", ""timed_out"": false}"
prioritized_planning_default_order,3,10,False,0.0,prioritized_graph_astar,prioritized_block,0,91,80300.0,inf,0,0,0.0,0,0.0,1.5064738999935798,1.5064738999935798,"{""agv_0"": ""2687"", ""agv_1"": ""2676"", ""agv_2"": ""0405"", ""agv_3"": ""2009"", ""agv_4"": ""0495"", ""agv_5"": ""2071"", ""agv_6"": ""0271"", ""agv_7"": ""0535"", ""agv_8"": ""0622"", ""agv_9"": ""2416""}","{""agv_0"": ""2526"", ""agv_1"": ""0402"", ""agv_2"": ""0182"", ""agv_3"": ""0314"", ""agv_4"": ""2591"", ""agv_5"": ""2776"", ""agv_6"": ""0204"", ""agv_7"": ""0379"", ""agv_8"": ""2350"", ""agv_9"": ""0284""}","{""assignment"": ""fixed_agent_goal_pairs"", ""baseline_note"": ""graph-native prioritized planning in default agent order"", ""external_backend_enabled"": false, ""failed_agent"": ""agv_9"", ""failure_subtype"": ""prioritized_block""}"
priority_search,3,10,True,1.0,priority_search,,91,91,80300.0,1.0,434,476,109.89010989010988,0,0.0,1.65150910000375,1.65150910000375,"{""agv_0"": ""2687"", ""agv_1"": ""2676"", ""agv_2"": ""0405"", ""agv_3"": ""2009"", ""agv_4"": ""0495"", ""agv_5"": ""2071"", ""agv_6"": ""0271"", ""agv_7"": ""0535"", ""agv_8"": ""0622"", ""agv_9"": ""2416""}","{""agv_0"": ""2526"", ""agv_1"": ""0402"", ""agv_2"": ""0182"", ""agv_3"": ""0314"", ""agv_4"": ""2591"", ""agv_5"": ""2776"", ""agv_6"": ""0204"", ""agv_7"": ""0379"", ""agv_8"": ""2350"", ""agv_9"": ""0284""}","{""base_solver"": ""prioritized_graph_astar"", ""baseline_note"": ""multi-order prioritized planning; full PBS constraint tree deferred"", ""orders_tried"": 2, ""priority_order"": [""agv_1"", ""agv_2"", ""agv_9"", ""agv_8"", ""agv_4"", ""agv_7"", ""agv_5"", ""agv_3"", ""agv_6"", ""agv_0""]}"
hungarian_prioritized_planning,3,10,False,0.0,prioritized_graph_astar,prioritized_block,0,44,38700.0,inf,0,0,0.0,0,0.0001677999971434474,2.112314099998912,2.1124818999960553,"{""agv_0"": ""2687"", ""agv_1"": ""2676"", ""agv_2"": ""0405"", ""agv_3"": ""2009"", ""agv_4"": ""0495"", ""agv_5"": ""2071"", ""agv_6"": ""0271"", ""agv_7"": ""0535"", ""agv_8"": ""0622"", ""agv_9"": ""2416""}","{""agv_0"": ""2526"", ""agv_1"": ""2591"", ""agv_2"": ""0204"", ""agv_3"": ""0284"", ""agv_4"": ""0314"", ""agv_5"": ""2776"", ""agv_6"": ""0402"", ""agv_7"": ""0182"", ""agv_8"": ""0379"", ""agv_9"": ""2350""}","{""assigned_agents"": 10, ""assignment"": ""hungarian_goal"", ""baseline_note"": ""Hungarian assignment + graph-native prioritized planning"", ""external_backend_enabled"": false, ""failed_agent"": ""agv_4"", ""failure_subtype"": ""prioritized_block""}"
fifo_nearest_prioritized_planning,3,10,True,1.0,prioritized_graph_astar,,56,56,52550.0,1.0,320,240,178.57142857142858,0,6.399999256245792e-05,0.0100215999991633,0.010085599991725758,"{""agv_0"": ""2687"", ""agv_1"": ""2676"", ""agv_2"": ""0405"", ""agv_3"": ""2009"", ""agv_4"": ""0495"", ""agv_5"": ""2071"", ""agv_6"": ""0271"", ""agv_7"": ""0535"", ""agv_8"": ""0622"", ""agv_9"": ""2416""}","{""agv_0"": ""2591"", ""agv_1"": ""2526"", ""agv_2"": ""0284"", ""agv_3"": ""0314"", ""agv_4"": ""2776"", ""agv_5"": ""0182"", ""agv_6"": ""0402"", ""agv_7"": ""0204"", ""agv_8"": ""0379"", ""agv_9"": ""2350""}","{""assigned_agents"": 10, ""assignment"": ""fifo_nearest_goal"", ""baseline_note"": ""FIFO-nearest assignment + graph-native prioritized planning"", ""external_backend_enabled"": false}"
opentcs_default_emulator,3,10,False,0.0,opentcs_default_emulator,timeout,512,87,77950.0,inf,328,4792,0.0,0,6.95999915478751e-05,0.015197799992165528,0.015267399983713403,"{""agv_0"": ""2687"", ""agv_1"": ""2676"", ""agv_2"": ""0405"", ""agv_3"": ""2009"", ""agv_4"": ""0495"", ""agv_5"": ""2071"", ""agv_6"": ""0271"", ""agv_7"": ""0535"", ""agv_8"": ""0622"", ""agv_9"": ""2416""}","{""agv_0"": ""2526"", ""agv_1"": ""0182"", ""agv_2"": ""0204"", ""agv_3"": ""0284"", ""agv_4"": ""0314"", ""agv_5"": ""2776"", ""agv_6"": ""0402"", ""agv_7"": ""0379"", ""agv_8"": ""2350"", ""agv_9"": ""2591""}","{""assigned_agents"": 10, ""assignment"": ""opentcs_default_dispatcher_vehicle_first_cost_greedy"", ""blocked_move_requests"": 485, ""deadlock_recovery"": ""not_emulated"", ""emulation_scope"": ""dispatcher_router_scheduler"", ""queued_retries"": 484, ""routes"": {""agv_0"": 17, ""agv_1"": 31, ""agv_2"": 27, ""agv_3"": 15, ""agv_4"": 31, ""agv_5"": 19, ""agv_6"": 14, ""agv_7"": 36, ""agv_8"": 55, ""agv_9"": 87}, ""routing"": ""individual_shortest_path_distance"", ""scheduler"": ""queued_resource_allocator_emulator"", ""timed_out"": true}"
prioritized_planning_default_order,4,10,False,0.0,prioritized_graph_astar,prioritized_block,0,100,89550.0,inf,0,0,0.0,0,0.0,0.8006935000012163,0.8006935000012163,"{""agv_0"": ""2685"", ""agv_1"": ""0265"", ""agv_2"": ""2565"", ""agv_3"": ""2790"", ""agv_4"": ""2876"", ""agv_5"": ""2504"", ""agv_6"": ""0398"", ""agv_7"": ""2930"", ""agv_8"": ""2232"", ""agv_9"": ""2392""}","{""agv_0"": ""2425"", ""agv_1"": ""0680"", ""agv_2"": ""0558"", ""agv_3"": ""0459"", ""agv_4"": ""2295"", ""agv_5"": ""2352"", ""agv_6"": ""2034"", ""agv_7"": ""2877"", ""agv_8"": ""2976"", ""agv_9"": ""2922""}","{""assignment"": ""fixed_agent_goal_pairs"", ""baseline_note"": ""graph-native prioritized planning in default agent order"", ""external_backend_enabled"": false, ""failed_agent"": ""agv_9"", ""failure_subtype"": ""prioritized_block""}"
priority_search,4,10,True,1.0,priority_search,,100,100,89550.0,1.0,607,393,100.0,0,0.0,0.8484848999942187,0.8484848999942187,"{""agv_0"": ""2685"", ""agv_1"": ""0265"", ""agv_2"": ""2565"", ""agv_3"": ""2790"", ""agv_4"": ""2876"", ""agv_5"": ""2504"", ""agv_6"": ""0398"", ""agv_7"": ""2930"", ""agv_8"": ""2232"", ""agv_9"": ""2392""}","{""agv_0"": ""2425"", ""agv_1"": ""0680"", ""agv_2"": ""0558"", ""agv_3"": ""0459"", ""agv_4"": ""2295"", ""agv_5"": ""2352"", ""agv_6"": ""2034"", ""agv_7"": ""2877"", ""agv_8"": ""2976"", ""agv_9"": ""2922""}","{""base_solver"": ""prioritized_graph_astar"", ""baseline_note"": ""multi-order prioritized planning; full PBS constraint tree deferred"", ""orders_tried"": 2, ""priority_order"": [""agv_9"", ""agv_8"", ""agv_3"", ""agv_0"", ""agv_2"", ""agv_7"", ""agv_6"", ""agv_4"", ""agv_1"", ""agv_5""]}"
hungarian_prioritized_planning,4,10,True,1.0,prioritized_graph_astar,,52,52,49000.0,1.0,351,169,192.30769230769232,0,0.00016290000348817557,0.008870899997418746,0.009033800000906922,"{""agv_0"": ""2685"", ""agv_1"": ""0265"", ""agv_2"": ""2565"", ""agv_3"": ""2790"", ""agv_4"": ""2876"", ""agv_5"": ""2504"", ""agv_6"": ""0398"", ""agv_7"": ""2930"", ""agv_8"": ""2232"", ""agv_9"": ""2392""}","{""agv_0"": ""2295"", ""agv_1"": ""0459"", ""agv_2"": ""2425"", ""agv_3"": ""2877"", ""agv_4"": ""2976"", ""agv_5"": ""2034"", ""agv_6"": ""0680"", ""agv_7"": ""2922"", ""agv_8"": ""0558"", ""agv_9"": ""2352""}","{""assigned_agents"": 10, ""assignment"": ""hungarian_goal"", ""baseline_note"": ""Hungarian assignment + graph-native prioritized planning"", ""external_backend_enabled"": false}"
fifo_nearest_prioritized_planning,4,10,True,1.0,prioritized_graph_astar,,66,66,61850.0,1.0,423,237,151.51515151515153,0,5.709999823011458e-05,0.008847899996908382,0.008904999995138496,"{""agv_0"": ""2685"", ""agv_1"": ""0265"", ""agv_2"": ""2565"", ""agv_3"": ""2790"", ""agv_4"": ""2876"", ""agv_5"": ""2504"", ""agv_6"": ""0398"", ""agv_7"": ""2930"", ""agv_8"": ""2232"", ""agv_9"": ""2392""}","{""agv_0"": ""2922"", ""agv_1"": ""0680"", ""agv_2"": ""2295"", ""agv_3"": ""2034"", ""agv_4"": ""2877"", ""agv_5"": ""2425"", ""agv_6"": ""0459"", ""agv_7"": ""2976"", ""agv_8"": ""0558"", ""agv_9"": ""2352""}","{""assigned_agents"": 10, ""assignment"": ""fifo_nearest_goal"", ""baseline_note"": ""FIFO-nearest assignment + graph-native prioritized planning"", ""external_backend_enabled"": false}"
opentcs_default_emulator,4,10,True,1.0,opentcs_default_emulator,,73,73,62750.0,1.0,461,269,136.986301369863,0,6.710000161547214e-05,0.0030103999888524413,0.0030774999904679134,"{""agv_0"": ""2685"", ""agv_1"": ""0265"", ""agv_2"": ""2565"", ""agv_3"": ""2790"", ""agv_4"": ""2876"", ""agv_5"": ""2504"", ""agv_6"": ""0398"", ""agv_7"": ""2930"", ""agv_8"": ""2232"", ""agv_9"": ""2392""}","{""agv_0"": ""2295"", ""agv_1"": ""0558"", ""agv_2"": ""2922"", ""agv_3"": ""2877"", ""agv_4"": ""2976"", ""agv_5"": ""2352"", ""agv_6"": ""0680"", ""agv_7"": ""2425"", ""agv_8"": ""2034"", ""agv_9"": ""0459""}","{""assigned_agents"": 10, ""assignment"": ""opentcs_default_dispatcher_vehicle_first_cost_greedy"", ""blocked_move_requests"": 0, ""deadlock_recovery"": ""not_emulated"", ""emulation_scope"": ""dispatcher_router_scheduler"", ""queued_retries"": 0, ""routes"": {""agv_0"": 45, ""agv_1"": 32, ""agv_2"": 42, ""agv_3"": 39, ""agv_4"": 44, ""agv_5"": 33, ""agv_6"": 49, ""agv_7"": 65, ""agv_8"": 39, ""agv_9"": 73}, ""routing"": ""individual_shortest_path_distance"", ""scheduler"": ""queued_resource_allocator_emulator"", ""timed_out"": false}"
prioritized_planning_default_order,0,15,True,1.0,prioritized_graph_astar,,78,78,70100.0,1.0,741,429,192.30769230769232,0,0.0,0.02811430000292603,0.02811430000292603,"{""agv_0"": ""2573"", ""agv_1"": ""2688"", ""agv_10"": ""2494"", ""agv_11"": ""0536"", ""agv_12"": ""2874"", ""agv_13"": ""0022"", ""agv_14"": ""2703"", ""agv_2"": ""2430"", ""agv_3"": ""2311"", ""agv_4"": ""2635"", ""agv_5"": ""0585"", ""agv_6"": ""2921"", ""agv_7"": ""2217"", ""agv_8"": ""2834"", ""agv_9"": ""0704""}","{""agv_0"": ""2286"", ""agv_1"": ""0196"", ""agv_10"": ""2734"", ""agv_11"": ""0004"", ""agv_12"": ""2224"", ""agv_13"": ""0205"", ""agv_14"": ""2767"", ""agv_2"": ""2314"", ""agv_3"": ""2585"", ""agv_4"": ""0550"", ""agv_5"": ""0396"", ""agv_6"": ""2453"", ""agv_7"": ""0256"", ""agv_8"": ""2425"", ""agv_9"": ""2385""}","{""assignment"": ""fixed_agent_goal_pairs"", ""baseline_note"": ""graph-native prioritized planning in default agent order"", ""external_backend_enabled"": false}"
priority_search,0,15,True,1.0,priority_search,,78,78,70100.0,1.0,741,429,192.30769230769232,0,0.0,0.0359632000036072,0.0359632000036072,"{""agv_0"": ""2573"", ""agv_1"": ""2688"", ""agv_10"": ""2494"", ""agv_11"": ""0536"", ""agv_12"": ""2874"", ""agv_13"": ""0022"", ""agv_14"": ""2703"", ""agv_2"": ""2430"", ""agv_3"": ""2311"", ""agv_4"": ""2635"", ""agv_5"": ""0585"", ""agv_6"": ""2921"", ""agv_7"": ""2217"", ""agv_8"": ""2834"", ""agv_9"": ""0704""}","{""agv_0"": ""2286"", ""agv_1"": ""0196"", ""agv_10"": ""2734"", ""agv_11"": ""0004"", ""agv_12"": ""2224"", ""agv_13"": ""0205"", ""agv_14"": ""2767"", ""agv_2"": ""2314"", ""agv_3"": ""2585"", ""agv_4"": ""0550"", ""agv_5"": ""0396"", ""agv_6"": ""2453"", ""agv_7"": ""0256"", ""agv_8"": ""2425"", ""agv_9"": ""2385""}","{""base_solver"": ""prioritized_graph_astar"", ""baseline_note"": ""multi-order prioritized planning; full PBS constraint tree deferred"", ""orders_tried"": 1, ""priority_order"": [""agv_0"", ""agv_1"", ""agv_2"", ""agv_3"", ""agv_4"", ""agv_5"", ""agv_6"", ""agv_7"", ""agv_8"", ""agv_9"", ""agv_10"", ""agv_11"", ""agv_12"", ""agv_13"", ""agv_14""]}"
hungarian_prioritized_planning,0,15,False,0.0,prioritized_graph_astar,prioritized_block,0,76,65900.0,inf,0,29,0.0,0,0.00027060000866185874,0.6775049999996554,0.6777756000083173,"{""agv_0"": ""2573"", ""agv_1"": ""2688"", ""agv_10"": ""2494"", ""agv_11"": ""0536"", ""agv_12"": ""2874"", ""agv_13"": ""0022"", ""agv_14"": ""2703"", ""agv_2"": ""2430"", ""agv_3"": ""2311"", ""agv_4"": ""2635"", ""agv_5"": ""0585"", ""agv_6"": ""2921"", ""agv_7"": ""2217"", ""agv_8"": ""2834"", ""agv_9"": ""0704""}","{""agv_0"": ""0196"", ""agv_1"": ""0004"", ""agv_10"": ""2425"", ""agv_11"": ""2314"", ""agv_12"": ""2385"", ""agv_13"": ""2453"", ""agv_14"": ""2224"", ""agv_2"": ""0396"", ""agv_3"": ""0550"", ""agv_4"": ""2585"", ""agv_5"": ""0256"", ""agv_6"": ""2734"", ""agv_7"": ""2286"", ""agv_8"": ""2767"", ""agv_9"": ""0205""}","{""assigned_agents"": 15, ""assignment"": ""hungarian_goal"", ""baseline_note"": ""Hungarian assignment + graph-native prioritized planning"", ""external_backend_enabled"": false, ""failed_agent"": ""agv_12"", ""failure_subtype"": ""prioritized_block""}"
fifo_nearest_prioritized_planning,0,15,True,1.0,prioritized_graph_astar,,95,95,86600.0,1.0,611,814,157.89473684210526,0,0.0001049999991664663,0.015584399996441789,0.015689399995608255,"{""agv_0"": ""2573"", ""agv_1"": ""2688"", ""agv_10"": ""2494"", ""agv_11"": ""0536"", ""agv_12"": ""2874"", ""agv_13"": ""0022"", ""agv_14"": ""2703"", ""agv_2"": ""2430"", ""agv_3"": ""2311"", ""agv_4"": ""2635"", ""agv_5"": ""0585"", ""agv_6"": ""2921"", ""agv_7"": ""2217"", ""agv_8"": ""2834"", ""agv_9"": ""0704""}","{""agv_0"": ""2314"", ""agv_1"": ""2385"", ""agv_10"": ""0196"", ""agv_11"": ""0396"", ""agv_12"": ""2734"", ""agv_13"": ""0550"", ""agv_14"": ""2453"", ""agv_2"": ""2767"", ""agv_3"": ""0205"", ""agv_4"": ""2585"", ""agv_5"": ""0256"", ""agv_6"": ""0004"", ""agv_7"": ""2286"", ""agv_8"": ""2425"", ""agv_9"": ""2224""}","{""assigned_agents"": 15, ""assignment"": ""fifo_nearest_goal"", ""baseline_note"": ""FIFO-nearest assignment + graph-native prioritized planning"", ""external_backend_enabled"": false}"
opentcs_default_emulator,0,15,False,0.0,opentcs_default_emulator,timeout,512,78,67300.0,inf,569,7111,0.0,0,0.00012599999899975955,0.02866619999986142,0.02879219999886118,"{""agv_0"": ""2573"", ""agv_1"": ""2688"", ""agv_10"": ""2494"", ""agv_11"": ""0536"", ""agv_12"": ""2874"", ""agv_13"": ""0022"", ""agv_14"": ""2703"", ""agv_2"": ""2430"", ""agv_3"": ""2311"", ""agv_4"": ""2635"", ""agv_5"": ""0585"", ""agv_6"": ""2921"", ""agv_7"": ""2217"", ""agv_8"": ""2834"", ""agv_9"": ""0704""}","{""agv_0"": ""0196"", ""agv_1"": ""0004"", ""agv_10"": ""2224"", ""agv_11"": ""0205"", ""agv_12"": ""2734"", ""agv_13"": ""0550"", ""agv_14"": ""2286"", ""agv_2"": ""0256"", ""agv_3"": ""0396"", ""agv_4"": ""2585"", ""agv_5"": ""2314"", ""agv_6"": ""2767"", ""agv_7"": ""2385"", ""agv_8"": ""2425"", ""agv_9"": ""2453""}","{""assigned_agents"": 15, ""assignment"": ""opentcs_default_dispatcher_vehicle_first_cost_greedy"", ""blocked_move_requests"": 476, ""deadlock_recovery"": ""not_emulated"", ""emulation_scope"": ""dispatcher_router_scheduler"", ""queued_retries"": 473, ""routes"": {""agv_0"": 16, ""agv_1"": 32, ""agv_10"": 17, ""agv_11"": 22, ""agv_12"": 30, ""agv_13"": 23, ""agv_14"": 41, ""agv_2"": 62, ""agv_3"": 63, ""agv_4"": 33, ""agv_5"": 48, ""agv_6"": 40, ""agv_7"": 19, ""agv_8"": 55, ""agv_9"": 78}, ""routing"": ""individual_shortest_path_distance"", ""scheduler"": ""queued_resource_allocator_emulator"", ""timed_out"": true}"
prioritized_planning_default_order,1,15,False,0.0,prioritized_graph_astar,prioritized_block,0,105,94150.0,inf,0,45,0.0,0,0.0,1.46686580000096,1.46686580000096,"{""agv_0"": ""2447"", ""agv_1"": ""2282"", ""agv_10"": ""2708"", ""agv_11"": ""0511"", ""agv_12"": ""0543"", ""agv_13"": ""2296"", ""agv_14"": ""0720"", ""agv_2"": ""0620"", ""agv_3"": ""0272"", ""agv_4"": ""0328"", ""agv_5"": ""2774"", ""agv_6"": ""2037"", ""agv_7"": ""2600"", ""agv_8"": ""2700"", ""agv_9"": ""0042""}","{""agv_0"": ""2881"", ""agv_1"": ""2736"", ""agv_10"": ""0592"", ""agv_11"": ""0587"", ""agv_12"": ""2668"", ""agv_13"": ""2713"", ""agv_14"": ""2880"", ""agv_2"": ""2224"", ""agv_3"": ""0522"", ""agv_4"": ""2052"", ""agv_5"": ""0354"", ""agv_6"": ""0799"", ""agv_7"": ""0196"", ""agv_8"": ""2613"", ""agv_9"": ""2770""}","{""assignment"": ""fixed_agent_goal_pairs"", ""baseline_note"": ""graph-native prioritized planning in default agent order"", ""external_backend_enabled"": false, ""failed_agent"": ""agv_14"", ""failure_subtype"": ""prioritized_block""}"
priority_search,1,15,True,1.0,priority_search,,105,105,94150.0,1.0,906,669,142.85714285714286,0,0.0,1.3905519999971148,1.3905519999971148,"{""agv_0"": ""2447"", ""agv_1"": ""2282"", ""agv_10"": ""2708"", ""agv_11"": ""0511"", ""agv_12"": ""0543"", ""agv_13"": ""2296"", ""agv_14"": ""0720"", ""agv_2"": ""0620"", ""agv_3"": ""0272"", ""agv_4"": ""0328"", ""agv_5"": ""2774"", ""agv_6"": ""2037"", ""agv_7"": ""2600"", ""agv_8"": ""2700"", ""agv_9"": ""0042""}","{""agv_0"": ""2881"", ""agv_1"": ""2736"", ""agv_10"": ""0592"", ""agv_11"": ""0587"", ""agv_12"": ""2668"", ""agv_13"": ""2713"", ""agv_14"": ""2880"", ""agv_2"": ""2224"", ""agv_3"": ""0522"", ""agv_4"": ""2052"", ""agv_5"": ""0354"", ""agv_6"": ""0799"", ""agv_7"": ""0196"", ""agv_8"": ""2613"", ""agv_9"": ""2770""}","{""base_solver"": ""prioritized_graph_astar"", ""baseline_note"": ""multi-order prioritized planning; full PBS constraint tree deferred"", ""orders_tried"": 2, ""priority_order"": [""agv_0"", ""agv_1"", ""agv_10"", ""agv_11"", ""agv_12"", ""agv_13"", ""agv_14"", ""agv_2"", ""agv_3"", ""agv_4"", ""agv_5"", ""agv_6"", ""agv_7"", ""agv_8"", ""agv_9""]}"
hungarian_prioritized_planning,1,15,False,0.0,prioritized_graph_astar,prioritized_block,0,90,80250.0,inf,0,33,0.0,0,0.00031280000985134393,1.3004072999901837,1.300720100000035,"{""agv_0"": ""2447"", ""agv_1"": ""2282"", ""agv_10"": ""2708"", ""agv_11"": ""0511"", ""agv_12"": ""0543"", ""agv_13"": ""2296"", ""agv_14"": ""0720"", ""agv_2"": ""0620"", ""agv_3"": ""0272"", ""agv_4"": ""0328"", ""agv_5"": ""2774"", ""agv_6"": ""2037"", ""agv_7"": ""2600"", ""agv_8"": ""2700"", ""agv_9"": ""0042""}","{""agv_0"": ""2224"", ""agv_1"": ""0587"", ""agv_10"": ""2736"", ""agv_11"": ""2713"", ""agv_12"": ""0522"", ""agv_13"": ""2880"", ""agv_14"": ""2668"", ""agv_2"": ""0592"", ""agv_3"": ""0799"", ""agv_4"": ""2770"", ""agv_5"": ""2881"", ""agv_6"": ""0196"", ""agv_7"": ""2052"", ""agv_8"": ""2613"", ""agv_9"": ""0354""}","{""assigned_agents"": 15, ""assignment"": ""hungarian_goal"", ""baseline_note"": ""Hungarian assignment + graph-native prioritized planning"", ""external_backend_enabled"": false, ""failed_agent"": ""agv_10"", ""failure_subtype"": ""prioritized_block""}"
fifo_nearest_prioritized_planning,1,15,True,1.0,prioritized_graph_astar,,104,104,93200.0,1.0,598,962,144.23076923076923,0,0.00010470001143403351,0.06636019999859855,0.06646490001003258,"{""agv_0"": ""2447"", ""agv_1"": ""2282"", ""agv_10"": ""2708"", ""agv_11"": ""0511"", ""agv_12"": ""0543"", ""agv_13"": ""2296"", ""agv_14"": ""0720"", ""agv_2"": ""0620"", ""agv_3"": ""0272"", ""agv_4"": ""0328"", ""agv_5"": ""2774"", ""agv_6"": ""2037"", ""agv_7"": ""2600"", ""agv_8"": ""2700"", ""agv_9"": ""0042""}","{""agv_0"": ""2880"", ""agv_1"": ""2713"", ""agv_10"": ""2613"", ""agv_11"": ""0522"", ""agv_12"": ""0799"", ""agv_13"": ""2224"", ""agv_14"": ""0592"", ""agv_2"": ""2770"", ""agv_3"": ""2668"", ""agv_4"": ""0587"", ""agv_5"": ""2881"", ""agv_6"": ""2736"", ""agv_7"": ""2052"", ""agv_8"": ""0196"", ""agv_9"": ""0354""}","{""assigned_agents"": 15, ""assignment"": ""fifo_nearest_goal"", ""baseline_note"": ""FIFO-nearest assignment + graph-native prioritized planning"", ""external_backend_enabled"": false}"
opentcs_default_emulator,1,15,False,0.0,opentcs_default_emulator,timeout,512,72,66400.0,inf,484,7196,0.0,0,0.0001218999968841672,0.028089799990993924,0.02821169998787809,"{""agv_0"": ""2447"", ""agv_1"": ""2282"", ""agv_10"": ""2708"", ""agv_11"": ""0511"", ""agv_12"": ""0543"", ""agv_13"": ""2296"", ""agv_14"": ""0720"", ""agv_2"": ""0620"", ""agv_3"": ""0272"", ""agv_4"": ""0328"", ""agv_5"": ""2774"", ""agv_6"": ""2037"", ""agv_7"": ""2600"", ""agv_8"": ""2700"", ""agv_9"": ""0042""}","{""agv_0"": ""2224"", ""agv_1"": ""0799"", ""agv_10"": ""2052"", ""agv_11"": ""0522"", ""agv_12"": ""0592"", ""agv_13"": ""0587"", ""agv_14"": ""0354"", ""agv_2"": ""0196"", ""agv_3"": ""2770"", ""agv_4"": ""2613"", ""agv_5"": ""2736"", ""agv_6"": ""2713"", ""agv_7"": ""2880"", ""agv_8"": ""2668"", ""agv_9"": ""2881""}","{""assigned_agents"": 15, ""assignment"": ""opentcs_default_dispatcher_vehicle_first_cost_greedy"", ""blocked_move_requests"": 2397, ""deadlock_recovery"": ""not_emulated"", ""emulation_scope"": ""dispatcher_router_scheduler"", ""queued_retries"": 2390, ""routes"": {""agv_0"": 31, ""agv_1"": 31, ""agv_10"": 30, ""agv_11"": 2, ""agv_12"": 6, ""agv_13"": 44, ""agv_14"": 53, ""agv_2"": 54, ""agv_3"": 71, ""agv_4"": 72, ""agv_5"": 22, ""agv_6"": 37, ""agv_7"": 45, ""agv_8"": 56, ""agv_9"": 72}, ""routing"": ""individual_shortest_path_distance"", ""scheduler"": ""queued_resource_allocator_emulator"", ""timed_out"": true}"
prioritized_planning_default_order,2,15,True,1.0,prioritized_graph_astar,,133,105,92850.0,1.2666666666666666,765,1230,112.78195488721803,0,0.0,0.03335969999898225,0.03335969999898225,"{""agv_0"": ""0279"", ""agv_1"": ""0721"", ""agv_10"": ""0587"", ""agv_11"": ""0226"", ""agv_12"": ""2608"", ""agv_13"": ""2950"", ""agv_14"": ""0413"", ""agv_2"": ""2320"", ""agv_3"": ""0304"", ""agv_4"": ""2686"", ""agv_5"": ""2898"", ""agv_6"": ""2790"", ""agv_7"": ""0525"", ""agv_8"": ""2310"", ""agv_9"": ""2010""}","{""agv_0"": ""2568"", ""agv_1"": ""0621"", ""agv_10"": ""0528"", ""agv_11"": ""2495"", ""agv_12"": ""2508"", ""agv_13"": ""0432"", ""agv_14"": ""2026"", ""agv_2"": ""2690"", ""agv_3"": ""2472"", ""agv_4"": ""0928"", ""agv_5"": ""0573"", ""agv_6"": ""2715"", ""agv_7"": ""0366"", ""agv_8"": ""2372"", ""agv_9"": ""0546""}","{""assignment"": ""fixed_agent_goal_pairs"", ""baseline_note"": ""graph-native prioritized planning in default agent order"", ""external_backend_enabled"": false}"
priority_search,2,15,True,1.0,priority_search,,133,105,92850.0,1.2666666666666666,765,1230,112.78195488721803,0,0.0,0.039129099997808225,0.039129099997808225,"{""agv_0"": ""0279"", ""agv_1"": ""0721"", ""agv_10"": ""0587"", ""agv_11"": ""0226"", ""agv_12"": ""2608"", ""agv_13"": ""2950"", ""agv_14"": ""0413"", ""agv_2"": ""2320"", ""agv_3"": ""0304"", ""agv_4"": ""2686"", ""agv_5"": ""2898"", ""agv_6"": ""2790"", ""agv_7"": ""0525"", ""agv_8"": ""2310"", ""agv_9"": ""2010""}","{""agv_0"": ""2568"", ""agv_1"": ""0621"", ""agv_10"": ""0528"", ""agv_11"": ""2495"", ""agv_12"": ""2508"", ""agv_13"": ""0432"", ""agv_14"": ""2026"", ""agv_2"": ""2690"", ""agv_3"": ""2472"", ""agv_4"": ""0928"", ""agv_5"": ""0573"", ""agv_6"": ""2715"", ""agv_7"": ""0366"", ""agv_8"": ""2372"", ""agv_9"": ""0546""}","{""base_solver"": ""prioritized_graph_astar"", ""baseline_note"": ""multi-order prioritized planning; full PBS constraint tree deferred"", ""orders_tried"": 1, ""priority_order"": [""agv_0"", ""agv_1"", ""agv_2"", ""agv_3"", ""agv_4"", ""agv_5"", ""agv_6"", ""agv_7"", ""agv_8"", ""agv_9"", ""agv_10"", ""agv_11"", ""agv_12"", ""agv_13"", ""agv_14""]}"
hungarian_prioritized_planning,2,15,False,0.0,prioritized_graph_astar,prioritized_block,0,83,74300.0,inf,0,20,0.0,0,0.00023259999579750001,1.6265668999985792,1.6267994999943767,"{""agv_0"": ""0279"", ""agv_1"": ""0721"", ""agv_10"": ""0587"", ""agv_11"": ""0226"", ""agv_12"": ""2608"", ""agv_13"": ""2950"", ""agv_14"": ""0413"", ""agv_2"": ""2320"", ""agv_3"": ""0304"", ""agv_4"": ""2686"", ""agv_5"": ""2898"", ""agv_6"": ""2790"", ""agv_7"": ""0525"", ""agv_8"": ""2310"", ""agv_9"": ""2010""}","{""agv_0"": ""0928"", ""agv_1"": ""0621"", ""agv_10"": ""2026"", ""agv_11"": ""0366"", ""agv_12"": ""2472"", ""agv_13"": ""2715"", ""agv_14"": ""0432"", ""agv_2"": ""2372"", ""agv_3"": ""2690"", ""agv_4"": ""2495"", ""agv_5"": ""2508"", ""agv_6"": ""2568"", ""agv_7"": ""0546"", ""agv_8"": ""0528"", ""agv_9"": ""0573""}","{""assigned_agents"": 15, ""assignment"": ""hungarian_goal"", ""baseline_note"": ""Hungarian assignment + graph-native prioritized planning"", ""external_backend_enabled"": false, ""failed_agent"": ""agv_13"", ""failure_subtype"": ""prioritized_block""}"
fifo_nearest_prioritized_planning,2,15,True,1.0,prioritized_graph_astar,,73,73,65400.0,1.0,467,628,205.4794520547945,0,0.00010260000999551266,0.012141299986978993,0.012243899996974505,"{""agv_0"": ""0279"", ""agv_1"": ""0721"", ""agv_10"": ""0587"", ""agv_11"": ""0226"", ""agv_12"": ""2608"", ""agv_13"": ""2950"", ""agv_14"": ""0413"", ""agv_2"": ""2320"", ""agv_3"": ""0304"", ""agv_4"": ""2686"", ""agv_5"": ""2898"", ""agv_6"": ""2790"", ""agv_7"": ""0525"", ""agv_8"": ""2310"", ""agv_9"": ""2010""}","{""agv_0"": ""0366"", ""agv_1"": ""2508"", ""agv_10"": ""0546"", ""agv_11"": ""0573"", ""agv_12"": ""2690"", ""agv_13"": ""2495"", ""agv_14"": ""0432"", ""agv_2"": ""2372"", ""agv_3"": ""2026"", ""agv_4"": ""2472"", ""agv_5"": ""2715"", ""agv_6"": ""2568"", ""agv_7"": ""0928"", ""agv_8"": ""0528"", ""agv_9"": ""0621""}","{""assigned_agents"": 15, ""assignment"": ""fifo_nearest_goal"", ""baseline_note"": ""FIFO-nearest assignment + graph-native prioritized planning"", ""external_backend_enabled"": false}"
opentcs_default_emulator,2,15,False,0.0,opentcs_default_emulator,timeout,512,59,52800.0,inf,417,7263,0.0,0,0.00011569999333005399,0.025995900010457262,0.026111600003787316,"{""agv_0"": ""0279"", ""agv_1"": ""0721"", ""agv_10"": ""0587"", ""agv_11"": ""0226"", ""agv_12"": ""2608"", ""agv_13"": ""2950"", ""agv_14"": ""0413"", ""agv_2"": ""2320"", ""agv_3"": ""0304"", ""agv_4"": ""2686"", ""agv_5"": ""2898"", ""agv_6"": ""2790"", ""agv_7"": ""0525"", ""agv_8"": ""2310"", ""agv_9"": ""2010""}","{""agv_0"": ""0928"", ""agv_1"": ""0573"", ""agv_10"": ""0546"", ""agv_11"": ""0366"", ""agv_12"": ""2495"", ""agv_13"": ""2508"", ""agv_14"": ""0432"", ""agv_2"": ""2372"", ""agv_3"": ""0528"", ""agv_4"": ""2472"", ""agv_5"": ""2568"", ""agv_6"": ""2715"", ""agv_7"": ""2026"", ""agv_8"": ""0621"", ""agv_9"": ""2690""}","{""assigned_agents"": 15, ""assignment"": ""opentcs_default_dispatcher_vehicle_first_cost_greedy"", ""blocked_move_requests"": 972, ""deadlock_recovery"": ""not_emulated"", ""emulation_scope"": ""dispatcher_router_scheduler"", ""queued_retries"": 967, ""routes"": {""agv_0"": 22, ""agv_1"": 41, ""agv_10"": 21, ""agv_11"": 14, ""agv_12"": 22, ""agv_13"": 36, ""agv_14"": 3, ""agv_2"": 7, ""agv_3"": 40, ""agv_4"": 29, ""agv_5"": 40, ""agv_6"": 44, ""agv_7"": 17, ""agv_8"": 54, ""agv_9"": 59}, ""routing"": ""individual_shortest_path_distance"", ""scheduler"": ""queued_resource_allocator_emulator"", ""timed_out"": true}"
prioritized_planning_default_order,3,15,True,1.0,prioritized_graph_astar,,96,96,87400.0,1.0,748,692,156.25,0,0.0,0.013973399996757507,0.013973399996757507,"{""agv_0"": ""2410"", ""agv_1"": ""0400"", ""agv_10"": ""0283"", ""agv_11"": ""0699"", ""agv_12"": ""0532"", ""agv_13"": ""2582"", ""agv_14"": ""0403"", ""agv_2"": ""2004"", ""agv_3"": ""2007"", ""agv_4"": ""0618"", ""agv_5"": ""2490"", ""agv_6"": ""0489"", ""agv_7"": ""2066"", ""agv_8"": ""2667"", ""agv_9"": ""2033""}","{""agv_0"": ""2246"", ""agv_1"": ""0396"", ""agv_10"": ""0203"", ""agv_11"": ""2342"", ""agv_12"": ""2596"", ""agv_13"": ""2364"", ""agv_14"": ""2808"", ""agv_2"": ""0271"", ""agv_3"": ""2677"", ""agv_4"": ""0182"", ""agv_5"": ""2766"", ""agv_6"": ""0313"", ""agv_7"": ""0922"", ""agv_8"": ""0377"", ""agv_9"": ""2518""}","{""assignment"": ""fixed_agent_goal_pairs"", ""baseline_note"": ""graph-native prioritized planning in default agent order"", ""external_backend_enabled"": false}"
priority_search,3,15,True,1.0,priority_search,,96,96,87400.0,1.0,748,692,156.25,0,0.0,0.0216567000024952,0.0216567000024952,"{""agv_0"": ""2410"", ""agv_1"": ""0400"", ""agv_10"": ""0283"", ""agv_11"": ""0699"", ""agv_12"": ""0532"", ""agv_13"": ""2582"", ""agv_14"": ""0403"", ""agv_2"": ""2004"", ""agv_3"": ""2007"", ""agv_4"": ""0618"", ""agv_5"": ""2490"", ""agv_6"": ""0489"", ""agv_7"": ""2066"", ""agv_8"": ""2667"", ""agv_9"": ""2033""}","{""agv_0"": ""2246"", ""agv_1"": ""0396"", ""agv_10"": ""0203"", ""agv_11"": ""2342"", ""agv_12"": ""2596"", ""agv_13"": ""2364"", ""agv_14"": ""2808"", ""agv_2"": ""0271"", ""agv_3"": ""2677"", ""agv_4"": ""0182"", ""agv_5"": ""2766"", ""agv_6"": ""0313"", ""agv_7"": ""0922"", ""agv_8"": ""0377"", ""agv_9"": ""2518""}","{""base_solver"": ""prioritized_graph_astar"", ""baseline_note"": ""multi-order prioritized planning; full PBS constraint tree deferred"", ""orders_tried"": 1, ""priority_order"": [""agv_0"", ""agv_1"", ""agv_2"", ""agv_3"", ""agv_4"", ""agv_5"", ""agv_6"", ""agv_7"", ""agv_8"", ""agv_9"", ""agv_10"", ""agv_11"", ""agv_12"", ""agv_13"", ""agv_14""]}"
hungarian_prioritized_planning,3,15,True,1.0,prioritized_graph_astar,,66,66,60400.0,1.0,360,630,227.27272727272725,0,0.00021569999807979912,0.011252500000409782,0.011468199998489581,"{""agv_0"": ""2410"", ""agv_1"": ""0400"", ""agv_10"": ""0283"", ""agv_11"": ""0699"", ""agv_12"": ""0532"", ""agv_13"": ""2582"", ""agv_14"": ""0403"", ""agv_2"": ""2004"", ""agv_3"": ""2007"", ""agv_4"": ""0618"", ""agv_5"": ""2490"", ""agv_6"": ""0489"", ""agv_7"": ""2066"", ""agv_8"": ""2667"", ""agv_9"": ""2033""}","{""agv_0"": ""2342"", ""agv_1"": ""0271"", ""agv_10"": ""0313"", ""agv_11"": ""2364"", ""agv_12"": ""0377"", ""agv_13"": ""2596"", ""agv_14"": ""0203"", ""agv_2"": ""0396"", ""agv_3"": ""0922"", ""agv_4"": ""2766"", ""agv_5"": ""0182"", ""agv_6"": ""2518"", ""agv_7"": ""2808"", ""agv_8"": ""2677"", ""agv_9"": ""2246""}","{""assigned_agents"": 15, ""assignment"": ""hungarian_goal"", ""baseline_note"": ""Hungarian assignment + graph-native prioritized planning"", ""external_backend_enabled"": false}"
fifo_nearest_prioritized_planning,3,15,True,1.0,prioritized_graph_astar,,97,97,88350.0,1.0,416,1039,154.63917525773198,0,9.980000322684646e-05,0.013033499999437481,0.013133300002664328,"{""agv_0"": ""2410"", ""agv_1"": ""0400"", ""agv_10"": ""0283"", ""agv_11"": ""0699"", ""agv_12"": ""0532"", ""agv_13"": ""2582"", ""agv_14"": ""0403"", ""agv_2"": ""2004"", ""agv_3"": ""2007"", ""agv_4"": ""0618"", ""agv_5"": ""2490"", ""agv_6"": ""0489"", ""agv_7"": ""2066"", ""agv_8"": ""2667"", ""agv_9"": ""2033""}","{""agv_0"": ""2342"", ""agv_1"": ""2808"", ""agv_10"": ""0271"", ""agv_11"": ""2364"", ""agv_12"": ""0922"", ""agv_13"": ""2518"", ""agv_14"": ""0203"", ""agv_2"": ""0396"", ""agv_3"": ""0313"", ""agv_4"": ""2596"", ""agv_5"": ""0182"", ""agv_6"": ""0377"", ""agv_7"": ""2766"", ""agv_8"": ""2677"", ""agv_9"": ""2246""}","{""assigned_agents"": 15, ""assignment"": ""fifo_nearest_goal"", ""baseline_note"": ""FIFO-nearest assignment + graph-native prioritized planning"", ""external_backend_enabled"": false}"
opentcs_default_emulator,3,15,True,1.0,opentcs_default_emulator,,55,55,48150.0,1.0,390,435,272.7272727272727,0,0.00011449999874457717,0.0035930000012740493,0.0037075000000186265,"{""agv_0"": ""2410"", ""agv_1"": ""0400"", ""agv_10"": ""0283"", ""agv_11"": ""0699"", ""agv_12"": ""0532"", ""agv_13"": ""2582"", ""agv_14"": ""0403"", ""agv_2"": ""2004"", ""agv_3"": ""2007"", ""agv_4"": ""0618"", ""agv_5"": ""2490"", ""agv_6"": ""0489"", ""agv_7"": ""2066"", ""agv_8"": ""2667"", ""agv_9"": ""2033""}","{""agv_0"": ""2342"", ""agv_1"": ""0271"", ""agv_10"": ""0313"", ""agv_11"": ""0922"", ""agv_12"": ""0203"", ""agv_13"": ""0182"", ""agv_14"": ""0377"", ""agv_2"": ""0396"", ""agv_3"": ""2246"", ""agv_4"": ""2364"", ""agv_5"": ""2518"", ""agv_6"": ""2596"", ""agv_7"": ""2766"", ""agv_8"": ""2677"", ""agv_9"": ""2808""}","{""assigned_agents"": 15, ""assignment"": ""opentcs_default_dispatcher_vehicle_first_cost_greedy"", ""blocked_move_requests"": 2, ""deadlock_recovery"": ""not_emulated"", ""emulation_scope"": ""dispatcher_router_scheduler"", ""queued_retries"": 0, ""routes"": {""agv_0"": 9, ""agv_1"": 18, ""agv_10"": 3, ""agv_11"": 38, ""agv_12"": 18, ""agv_13"": 18, ""agv_14"": 49, ""agv_2"": 23, ""agv_3"": 39, ""agv_4"": 55, ""agv_5"": 20, ""agv_6"": 52, ""agv_7"": 7, ""agv_8"": 1, ""agv_9"": 40}, ""routing"": ""individual_shortest_path_distance"", ""scheduler"": ""queued_resource_allocator_emulator"", ""timed_out"": false}"
prioritized_planning_default_order,4,15,True,1.0,prioritized_graph_astar,,98,98,87650.0,1.0,930,540,153.06122448979593,0,0.0,0.015200200010440312,0.015200200010440312,"{""agv_0"": ""2828"", ""agv_1"": ""2556"", ""agv_10"": ""2918"", ""agv_11"": ""2287"", ""agv_12"": ""0456"", ""agv_13"": ""2866"", ""agv_14"": ""2384"", ""agv_2"": ""2956"", ""agv_3"": ""2965"", ""agv_4"": ""2029"", ""agv_5"": ""2780"", ""agv_6"": ""0396"", ""agv_7"": ""0676"", ""agv_8"": ""2825"", ""agv_9"": ""0236""}","{""agv_0"": ""2225"", ""agv_1"": ""2496"", ""agv_10"": ""2345"", ""agv_11"": ""0351"", ""agv_12"": ""0630"", ""agv_13"": ""0555"", ""agv_14"": ""2670"", ""agv_2"": ""0264"", ""agv_3"": ""2676"", ""agv_4"": ""2911"", ""agv_5"": ""2417"", ""agv_6"": ""2926"", ""agv_7"": ""2951"", ""agv_8"": ""2007"", ""agv_9"": ""2068""}","{""assignment"": ""fixed_agent_goal_pairs"", ""baseline_note"": ""graph-native prioritized planning in default agent order"", ""external_backend_enabled"": false}"
priority_search,4,15,True,1.0,priority_search,,98,98,87650.0,1.0,930,540,153.06122448979593,0,0.0,0.025398099998710677,0.025398099998710677,"{""agv_0"": ""2828"", ""agv_1"": ""2556"", ""agv_10"": ""2918"", ""agv_11"": ""2287"", ""agv_12"": ""0456"", ""agv_13"": ""2866"", ""agv_14"": ""2384"", ""agv_2"": ""2956"", ""agv_3"": ""2965"", ""agv_4"": ""2029"", ""agv_5"": ""2780"", ""agv_6"": ""0396"", ""agv_7"": ""0676"", ""agv_8"": ""2825"", ""agv_9"": ""0236""}","{""agv_0"": ""2225"", ""agv_1"": ""2496"", ""agv_10"": ""2345"", ""agv_11"": ""0351"", ""agv_12"": ""0630"", ""agv_13"": ""0555"", ""agv_14"": ""2670"", ""agv_2"": ""0264"", ""agv_3"": ""2676"", ""agv_4"": ""2911"", ""agv_5"": ""2417"", ""agv_6"": ""2926"", ""agv_7"": ""2951"", ""agv_8"": ""2007"", ""agv_9"": ""2068""}","{""base_solver"": ""prioritized_graph_astar"", ""baseline_note"": ""multi-order prioritized planning; full PBS constraint tree deferred"", ""orders_tried"": 1, ""priority_order"": [""agv_0"", ""agv_1"", ""agv_2"", ""agv_3"", ""agv_4"", ""agv_5"", ""agv_6"", ""agv_7"", ""agv_8"", ""agv_9"", ""agv_10"", ""agv_11"", ""agv_12"", ""agv_13"", ""agv_14""]}"
hungarian_prioritized_planning,4,15,False,0.0,prioritized_graph_astar,prioritized_block,0,63,54750.0,inf,0,0,0.0,0,0.0002119999990100041,0.010041999994427897,0.010253999993437901,"{""agv_0"": ""2828"", ""agv_1"": ""2556"", ""agv_10"": ""2918"", ""agv_11"": ""2287"", ""agv_12"": ""0456"", ""agv_13"": ""2866"", ""agv_14"": ""2384"", ""agv_2"": ""2956"", ""agv_3"": ""2965"", ""agv_4"": ""2029"", ""agv_5"": ""2780"", ""agv_6"": ""0396"", ""agv_7"": ""0676"", ""agv_8"": ""2825"", ""agv_9"": ""0236""}","{""agv_0"": ""2068"", ""agv_1"": ""2496"", ""agv_10"": ""2670"", ""agv_11"": ""2345"", ""agv_12"": ""0351"", ""agv_13"": ""2417"", ""agv_14"": ""0630"", ""agv_2"": ""2926"", ""agv_3"": ""2911"", ""agv_4"": ""2225"", ""agv_5"": ""2951"", ""agv_6"": ""2007"", ""agv_7"": ""0555"", ""agv_8"": ""2676"", ""agv_9"": ""0264""}","{""assigned_agents"": 15, ""assignment"": ""hungarian_goal"", ""baseline_note"": ""Hungarian assignment + graph-native prioritized planning"", ""external_backend_enabled"": false, ""failed_agent"": ""agv_3"", ""failure_subtype"": ""prioritized_block""}"
fifo_nearest_prioritized_planning,4,15,False,0.0,prioritized_graph_astar,prioritized_block,0,65,55000.0,inf,0,0,0.0,0,0.00010200000542681664,0.01989369999500923,0.019995700000436045,"{""agv_0"": ""2828"", ""agv_1"": ""2556"", ""agv_10"": ""2918"", ""agv_11"": ""2287"", ""agv_12"": ""0456"", ""agv_13"": ""2866"", ""agv_14"": ""2384"", ""agv_2"": ""2956"", ""agv_3"": ""2965"", ""agv_4"": ""2029"", ""agv_5"": ""2780"", ""agv_6"": ""0396"", ""agv_7"": ""0676"", ""agv_8"": ""2825"", ""agv_9"": ""0236""}","{""agv_0"": ""2951"", ""agv_1"": ""2496"", ""agv_10"": ""2345"", ""agv_11"": ""2225"", ""agv_12"": ""0351"", ""agv_13"": ""2068"", ""agv_14"": ""0555"", ""agv_2"": ""2926"", ""agv_3"": ""2670"", ""agv_4"": ""2417"", ""agv_5"": ""2676"", ""agv_6"": ""2007"", ""agv_7"": ""0630"", ""agv_8"": ""2911"", ""agv_9"": ""0264""}","{""assigned_agents"": 15, ""assignment"": ""fifo_nearest_goal"", ""baseline_note"": ""FIFO-nearest assignment + graph-native prioritized planning"", ""external_backend_enabled"": false, ""failed_agent"": ""agv_3"", ""failure_subtype"": ""prioritized_block""}"
opentcs_default_emulator,4,15,False,0.0,opentcs_default_emulator,timeout,512,59,49300.0,inf,443,7237,0.0,0,0.00011999999696854502,0.02798800000164192,0.028107999998610467,"{""agv_0"": ""2828"", ""agv_1"": ""2556"", ""agv_10"": ""2918"", ""agv_11"": ""2287"", ""agv_12"": ""0456"", ""agv_13"": ""2866"", ""agv_14"": ""2384"", ""agv_2"": ""2956"", ""agv_3"": ""2965"", ""agv_4"": ""2029"", ""agv_5"": ""2780"", ""agv_6"": ""0396"", ""agv_7"": ""0676"", ""agv_8"": ""2825"", ""agv_9"": ""0236""}","{""agv_0"": ""2926"", ""agv_1"": ""2496"", ""agv_10"": ""2068"", ""agv_11"": ""2225"", ""agv_12"": ""2007"", ""agv_13"": ""2911"", ""agv_14"": ""0555"", ""agv_2"": ""2951"", ""agv_3"": ""2676"", ""agv_4"": ""2345"", ""agv_5"": ""2670"", ""agv_6"": ""0264"", ""agv_7"": ""0630"", ""agv_8"": ""2417"", ""agv_9"": ""0351""}","{""assigned_agents"": 15, ""assignment"": ""opentcs_default_dispatcher_vehicle_first_cost_greedy"", ""blocked_move_requests"": 977, ""deadlock_recovery"": ""not_emulated"", ""emulation_scope"": ""dispatcher_router_scheduler"", ""queued_retries"": 975, ""routes"": {""agv_0"": 12, ""agv_1"": 6, ""agv_10"": 22, ""agv_11"": 8, ""agv_12"": 28, ""agv_13"": 40, ""agv_14"": 50, ""agv_2"": 53, ""agv_3"": 59, ""agv_4"": 28, ""agv_5"": 44, ""agv_6"": 31, ""agv_7"": 46, ""agv_8"": 54, ""agv_9"": 27}, ""routing"": ""individual_shortest_path_distance"", ""scheduler"": ""queued_resource_allocator_emulator"", ""timed_out"": true}"
prioritized_planning_default_order,0,20,False,0.0,prioritized_graph_astar,prioritized_block,0,83,74750.0,inf,0,39,0.0,0,0.0,1.8026485000009416,1.8026485000009416,"{""agv_0"": ""2746"", ""agv_1"": ""2076"", ""agv_10"": ""0205"", ""agv_11"": ""2444"", ""agv_12"": ""0029"", ""agv_13"": ""0399"", ""agv_14"": ""2217"", ""agv_15"": ""2910"", ""agv_16"": ""0255"", ""agv_17"": ""0195"", ""agv_18"": ""0277"", ""agv_19"": ""0927"", ""agv_2"": ""2306"", ""agv_3"": ""2287"", ""agv_4"": ""2626"", ""agv_5"": ""0265"", ""agv_6"": ""0022"", ""agv_7"": ""2774"", ""agv_8"": ""2576"", ""agv_9"": ""0533""}","{""agv_0"": ""2377"", ""agv_1"": ""2757"", ""agv_10"": ""2864"", ""agv_11"": ""0394"", ""agv_12"": ""2694"", ""agv_13"": ""2280"", ""agv_14"": ""0004"", ""agv_15"": ""0581"", ""agv_16"": ""0582"", ""agv_17"": ""2724"", ""agv_18"": ""2417"", ""agv_19"": ""2422"", ""agv_2"": ""2565"", ""agv_3"": ""2680"", ""agv_4"": ""0700"", ""agv_5"": ""0547"", ""agv_6"": ""2303"", ""agv_7"": ""2212"", ""agv_8"": ""2823"", ""agv_9"": ""2486""}","{""assignment"": ""fixed_agent_goal_pairs"", ""baseline_note"": ""graph-native prioritized planning in default agent order"", ""external_backend_enabled"": false, ""failed_agent"": ""agv_18"", ""failure_subtype"": ""prioritized_block""}"
priority_search,0,20,True,1.0,priority_search,,83,83,74750.0,1.0,1050,610,240.96385542168676,0,0.0,3.679498600002262,3.679498600002262,"{""agv_0"": ""2746"", ""agv_1"": ""2076"", ""agv_10"": ""0205"", ""agv_11"": ""2444"", ""agv_12"": ""0029"", ""agv_13"": ""0399"", ""agv_14"": ""2217"", ""agv_15"": ""2910"", ""agv_16"": ""0255"", ""agv_17"": ""0195"", ""agv_18"": ""0277"", ""agv_19"": ""0927"", ""agv_2"": ""2306"", ""agv_3"": ""2287"", ""agv_4"": ""2626"", ""agv_5"": ""0265"", ""agv_6"": ""0022"", ""agv_7"": ""2774"", ""agv_8"": ""2576"", ""agv_9"": ""0533""}","{""agv_0"": ""2377"", ""agv_1"": ""2757"", ""agv_10"": ""2864"", ""agv_11"": ""0394"", ""agv_12"": ""2694"", ""agv_13"": ""2280"", ""agv_14"": ""0004"", ""agv_15"": ""0581"", ""agv_16"": ""0582"", ""agv_17"": ""2724"", ""agv_18"": ""2417"", ""agv_19"": ""2422"", ""agv_2"": ""2565"", ""agv_3"": ""2680"", ""agv_4"": ""0700"", ""agv_5"": ""0547"", ""agv_6"": ""2303"", ""agv_7"": ""2212"", ""agv_8"": ""2823"", ""agv_9"": ""2486""}","{""base_solver"": ""prioritized_graph_astar"", ""baseline_note"": ""multi-order prioritized planning; full PBS constraint tree deferred"", ""orders_tried"": 3, ""priority_order"": [""agv_3"", ""agv_15"", ""agv_2"", ""agv_4"", ""agv_11"", ""agv_10"", ""agv_18"", ""agv_13"", ""agv_12"", ""agv_14"", ""agv_9"", ""agv_19"", ""agv_0"", ""agv_6"", ""agv_8"", ""agv_7"", ""agv_5"", ""agv_16"", ""agv_17"", ""agv_1""]}"
hungarian_prioritized_planning,0,20,False,0.0,prioritized_graph_astar,prioritized_block,0,84,74050.0,inf,0,0,0.0,0,0.00037799999699927866,1.8219778000056976,1.822355800002697,"{""agv_0"": ""2746"", ""agv_1"": ""2076"", ""agv_10"": ""0205"", ""agv_11"": ""2444"", ""agv_12"": ""0029"", ""agv_13"": ""0399"", ""agv_14"": ""2217"", ""agv_15"": ""2910"", ""agv_16"": ""0255"", ""agv_17"": ""0195"", ""agv_18"": ""0277"", ""agv_19"": ""0927"", ""agv_2"": ""2306"", ""agv_3"": ""2287"", ""agv_4"": ""2626"", ""agv_5"": ""0265"", ""agv_6"": ""0022"", ""agv_7"": ""2774"", ""agv_8"": ""2576"", ""agv_9"": ""0533""}","{""agv_0"": ""2724"", ""agv_1"": ""2823"", ""agv_10"": ""0394"", ""agv_11"": ""2422"", ""agv_12"": ""2280"", ""agv_13"": ""2680"", ""agv_14"": ""2417"", ""agv_15"": ""2757"", ""agv_16"": ""2212"", ""agv_17"": ""2694"", ""agv_18"": ""0004"", ""agv_19"": ""0581"", ""agv_2"": ""2303"", ""agv_3"": ""2377"", ""agv_4"": ""2486"", ""agv_5"": ""0700"", ""agv_6"": ""0547"", ""agv_7"": ""2864"", ""agv_8"": ""2565"", ""agv_9"": ""0582""}","{""assigned_agents"": 20, ""assignment"": ""hungarian_goal"", ""baseline_note"": ""Hungarian assignment + graph-native prioritized planning"", ""external_backend_enabled"": false, ""failed_agent"": ""agv_14"", ""failure_subtype"": ""prioritized_block""}"
fifo_nearest_prioritized_planning,0,20,False,0.0,prioritized_graph_astar,prioritized_block,0,76,66450.0,inf,0,0,0.0,0,0.00016549999418202788,1.7957443999912357,1.7959098999854177,"{""agv_0"": ""2746"", ""agv_1"": ""2076"", ""agv_10"": ""0205"", ""agv_11"": ""2444"", ""agv_12"": ""0029"", ""agv_13"": ""0399"", ""agv_14"": ""2217"", ""agv_15"": ""2910"", ""agv_16"": ""0255"", ""agv_17"": ""0195"", ""agv_18"": ""0277"", ""agv_19"": ""0927"", ""agv_2"": ""2306"", ""agv_3"": ""2287"", ""agv_4"": ""2626"", ""agv_5"": ""0265"", ""agv_6"": ""0022"", ""agv_7"": ""2774"", ""agv_8"": ""2576"", ""agv_9"": ""0533""}","{""agv_0"": ""2864"", ""agv_1"": ""2757"", ""agv_10"": ""0394"", ""agv_11"": ""2280"", ""agv_12"": ""0547"", ""agv_13"": ""2422"", ""agv_14"": ""2303"", ""agv_15"": ""2694"", ""agv_16"": ""2724"", ""agv_17"": ""2565"", ""agv_18"": ""0582"", ""agv_19"": ""0700"", ""agv_2"": ""2212"", ""agv_3"": ""2377"", ""agv_4"": ""2486"", ""agv_5"": ""2417"", ""agv_6"": ""0004"", ""agv_7"": ""2823"", ""agv_8"": ""2680"", ""agv_9"": ""0581""}","{""assigned_agents"": 20, ""assignment"": ""fifo_nearest_goal"", ""baseline_note"": ""FIFO-nearest assignment + graph-native prioritized planning"", ""external_backend_enabled"": false, ""failed_agent"": ""agv_5"", ""failure_subtype"": ""prioritized_block""}"
opentcs_default_emulator,0,20,False,0.0,opentcs_default_emulator,timeout,512,71,64850.0,inf,493,9747,0.0,0,0.00019789999350905418,0.041476200000033714,0.04167409999354277,"{""agv_0"": ""2746"", ""agv_1"": ""2076"", ""agv_10"": ""0205"", ""agv_11"": ""2444"", ""agv_12"": ""0029"", ""agv_13"": ""0399"", ""agv_14"": ""2217"", ""agv_15"": ""2910"", ""agv_16"": ""0255"", ""agv_17"": ""0195"", ""agv_18"": ""0277"", ""agv_19"": ""0927"", ""agv_2"": ""2306"", ""agv_3"": ""2287"", ""agv_4"": ""2626"", ""agv_5"": ""0265"", ""agv_6"": ""0022"", ""agv_7"": ""2774"", ""agv_8"": ""2576"", ""agv_9"": ""0533""}","{""agv_0"": ""2724"", ""agv_1"": ""2486"", ""agv_10"": ""0581"", ""agv_11"": ""2422"", ""agv_12"": ""0547"", ""agv_13"": ""0582"", ""agv_14"": ""2212"", ""agv_15"": ""0004"", ""agv_16"": ""0394"", ""agv_17"": ""2565"", ""agv_18"": ""0700"", ""agv_19"": ""2280"", ""agv_2"": ""2303"", ""agv_3"": ""2377"", ""agv_4"": ""2757"", ""agv_5"": ""2417"", ""agv_6"": ""2680"", ""agv_7"": ""2823"", ""agv_8"": ""2694"", ""agv_9"": ""2864""}","{""assigned_agents"": 20, ""assignment"": ""opentcs_default_dispatcher_vehicle_first_cost_greedy"", ""blocked_move_requests"": 2387, ""deadlock_recovery"": ""not_emulated"", ""emulation_scope"": ""dispatcher_router_scheduler"", ""queued_retries"": 2378, ""routes"": {""agv_0"": 6, ""agv_1"": 6, ""agv_10"": 22, ""agv_11"": 4, ""agv_12"": 10, ""agv_13"": 42, ""agv_14"": 9, ""agv_15"": 36, ""agv_16"": 31, ""agv_17"": 20, ""agv_18"": 38, ""agv_19"": 35, ""agv_2"": 25, ""agv_3"": 9, ""agv_4"": 35, ""agv_5"": 67, ""agv_6"": 58, ""agv_7"": 6, ""agv_8"": 38, ""agv_9"": 71}, ""routing"": ""individual_shortest_path_distance"", ""scheduler"": ""queued_resource_allocator_emulator"", ""timed_out"": true}"
prioritized_planning_default_order,1,20,True,1.0,prioritized_graph_astar,,88,88,78300.0,1.0,1020,740,227.27272727272725,0,0.0,0.027700600010575727,0.027700600010575727,"{""agv_0"": ""2035"", ""agv_1"": ""0540"", ""agv_10"": ""2704"", ""agv_11"": ""0196"", ""agv_12"": ""2836"", ""agv_13"": ""0716"", ""agv_14"": ""0271"", ""agv_15"": ""0617"", ""agv_16"": ""2217"", ""agv_17"": ""0353"", ""agv_18"": ""0589"", ""agv_19"": ""2660"", ""agv_2"": ""0690"", ""agv_3"": ""2032"", ""agv_4"": ""0328"", ""agv_5"": ""0748"", ""agv_6"": ""0533"", ""agv_7"": ""2726"", ""agv_8"": ""0042"", ""agv_9"": ""0327""}","{""agv_0"": ""2765"", ""agv_1"": ""2871"", ""agv_10"": ""2225"", ""agv_11"": ""2274"", ""agv_12"": ""2937"", ""agv_13"": ""2868"", ""agv_14"": ""2441"", ""agv_15"": ""2290"", ""agv_16"": ""2760"", ""agv_17"": ""2591"", ""agv_18"": ""0584"", ""agv_19"": ""2046"", ""agv_2"": ""0343"", ""agv_3"": ""2974"", ""agv_4"": ""2691"", ""agv_5"": ""2700"", ""agv_6"": ""0520"", ""agv_7"": ""0508"", ""agv_8"": ""2604"", ""agv_9"": ""0436""}","{""assignment"": ""fixed_agent_goal_pairs"", ""baseline_note"": ""graph-native prioritized planning in default agent order"", ""external_backend_enabled"": false}"
priority_search,1,20,True,1.0,priority_search,,88,88,78300.0,1.0,1020,740,227.27272727272725,0,0.0,0.03879700000106823,0.03879700000106823,"{""agv_0"": ""2035"", ""agv_1"": ""0540"", ""agv_10"": ""2704"", ""agv_11"": ""0196"", ""agv_12"": ""2836"", ""agv_13"": ""0716"", ""agv_14"": ""0271"", ""agv_15"": ""0617"", ""agv_16"": ""2217"", ""agv_17"": ""0353"", ""agv_18"": ""0589"", ""agv_19"": ""2660"", ""agv_2"": ""0690"", ""agv_3"": ""2032"", ""agv_4"": ""0328"", ""agv_5"": ""0748"", ""agv_6"": ""0533"", ""agv_7"": ""2726"", ""agv_8"": ""0042"", ""agv_9"": ""0327""}","{""agv_0"": ""2765"", ""agv_1"": ""2871"", ""agv_10"": ""2225"", ""agv_11"": ""2274"", ""agv_12"": ""2937"", ""agv_13"": ""2868"", ""agv_14"": ""2441"", ""agv_15"": ""2290"", ""agv_16"": ""2760"", ""agv_17"": ""2591"", ""agv_18"": ""0584"", ""agv_19"": ""2046"", ""agv_2"": ""0343"", ""agv_3"": ""2974"", ""agv_4"": ""2691"", ""agv_5"": ""2700"", ""agv_6"": ""0520"", ""agv_7"": ""0508"", ""agv_8"": ""2604"", ""agv_9"": ""0436""}","{""base_solver"": ""prioritized_graph_astar"", ""baseline_note"": ""multi-order prioritized planning; full PBS constraint tree deferred"", ""orders_tried"": 1, ""priority_order"": [""agv_0"", ""agv_1"", ""agv_2"", ""agv_3"", ""agv_4"", ""agv_5"", ""agv_6"", ""agv_7"", ""agv_8"", ""agv_9"", ""agv_10"", ""agv_11"", ""agv_12"", ""agv_13"", ""agv_14"", ""agv_15"", ""agv_16"", ""agv_17"", ""agv_18"", ""agv_19""]}"
hungarian_prioritized_planning,1,20,False,0.0,prioritized_graph_astar,prioritized_block,0,93,83800.0,inf,0,47,0.0,0,0.00034449998929630965,1.2154515000001993,1.2157959999894956,"{""agv_0"": ""2035"", ""agv_1"": ""0540"", ""agv_10"": ""2704"", ""agv_11"": ""0196"", ""agv_12"": ""2836"", ""agv_13"": ""0716"", ""agv_14"": ""0271"", ""agv_15"": ""0617"", ""agv_16"": ""2217"", ""agv_17"": ""0353"", ""agv_18"": ""0589"", ""agv_19"": ""2660"", ""agv_2"": ""0690"", ""agv_3"": ""2032"", ""agv_4"": ""0328"", ""agv_5"": ""0748"", ""agv_6"": ""0533"", ""agv_7"": ""2726"", ""agv_8"": ""0042"", ""agv_9"": ""0327""}","{""agv_0"": ""2760"", ""agv_1"": ""2274"", ""agv_10"": ""2591"", ""agv_11"": ""2046"", ""agv_12"": ""2974"", ""agv_13"": ""2604"", ""agv_14"": ""0343"", ""agv_15"": ""2691"", ""agv_16"": ""2225"", ""agv_17"": ""2871"", ""agv_18"": ""2868"", ""agv_19"": ""2700"", ""agv_2"": ""0508"", ""agv_3"": ""2290"", ""agv_4"": ""2937"", ""agv_5"": ""0584"", ""agv_6"": ""2441"", ""agv_7"": ""2765"", ""agv_8"": ""0436"", ""agv_9"": ""0520""}","{""assigned_agents"": 20, ""assignment"": ""hungarian_goal"", ""baseline_note"": ""Hungarian assignment + graph-native prioritized planning"", ""external_backend_enabled"": false, ""failed_agent"": ""agv_13"", ""failure_subtype"": ""prioritized_block""}"
fifo_nearest_prioritized_planning,1,20,True,1.0,prioritized_graph_astar,,82,82,73500.0,1.0,796,844,243.90243902439025,0,0.00017740001203492284,0.021419900003820658,0.02159730001585558,"{""agv_0"": ""2035"", ""agv_1"": ""0540"", ""agv_10"": ""2704"", ""agv_11"": ""0196"", ""agv_12"": ""2836"", ""agv_13"": ""0716"", ""agv_14"": ""0271"", ""agv_15"": ""0617"", ""agv_16"": ""2217"", ""agv_17"": ""0353"", ""agv_18"": ""0589"", ""agv_19"": ""2660"", ""agv_2"": ""0690"", ""agv_3"": ""2032"", ""agv_4"": ""0328"", ""agv_5"": ""0748"", ""agv_6"": ""0533"", ""agv_7"": ""2726"", ""agv_8"": ""0042"", ""agv_9"": ""0327""}","{""agv_0"": ""2700"", ""agv_1"": ""2441"", ""agv_10"": ""2274"", ""agv_11"": ""2871"", ""agv_12"": ""2974"", ""agv_13"": ""2290"", ""agv_14"": ""2591"", ""agv_15"": ""2868"", ""agv_16"": ""2225"", ""agv_17"": ""2046"", ""agv_18"": ""2937"", ""agv_19"": ""2691"", ""agv_2"": ""0584"", ""agv_3"": ""2604"", ""agv_4"": ""2760"", ""agv_5"": ""0520"", ""agv_6"": ""0508"", ""agv_7"": ""2765"", ""agv_8"": ""0343"", ""agv_9"": ""0436""}","{""assigned_agents"": 20, ""assignment"": ""fifo_nearest_goal"", ""baseline_note"": ""FIFO-nearest assignment + graph-native prioritized planning"", ""external_backend_enabled"": false}"
opentcs_default_emulator,1,20,False,0.0,opentcs_default_emulator,timeout,512,92,82850.0,inf,650,9590,0.0,0,0.0002086000022245571,0.04868549999082461,0.04889409999304917,"{""agv_0"": ""2035"", ""agv_1"": ""0540"", ""agv_10"": ""2704"", ""agv_11"": ""0196"", ""agv_12"": ""2836"", ""agv_13"": ""0716"", ""agv_14"": ""0271"", ""agv_15"": ""0617"", ""agv_16"": ""2217"", ""agv_17"": ""0353"", ""agv_18"": ""0589"", ""agv_19"": ""2660"", ""agv_2"": ""0690"", ""agv_3"": ""2032"", ""agv_4"": ""0328"", ""agv_5"": ""0748"", ""agv_6"": ""0533"", ""agv_7"": ""2726"", ""agv_8"": ""0042"", ""agv_9"": ""0327""}","{""agv_0"": ""2225"", ""agv_1"": ""0520"", ""agv_10"": ""2046"", ""agv_11"": ""2591"", ""agv_12"": ""2765"", ""agv_13"": ""0508"", ""agv_14"": ""0343"", ""agv_15"": ""0584"", ""agv_16"": ""2274"", ""agv_17"": ""0436"", ""agv_18"": ""2290"", ""agv_19"": ""2700"", ""agv_2"": ""2441"", ""agv_3"": ""2760"", ""agv_4"": ""2604"", ""agv_5"": ""2691"", ""agv_6"": ""2871"", ""agv_7"": ""2974"", ""agv_8"": ""2868"", ""agv_9"": ""2937""}","{""assigned_agents"": 20, ""assignment"": ""opentcs_default_dispatcher_vehicle_first_cost_greedy"", ""blocked_move_requests"": 2322, ""deadlock_recovery"": ""not_emulated"", ""emulation_scope"": ""dispatcher_router_scheduler"", ""queued_retries"": 2312, ""routes"": {""agv_0"": 10, ""agv_1"": 18, ""agv_10"": 28, ""agv_11"": 18, ""agv_12"": 18, ""agv_13"": 33, ""agv_14"": 29, ""agv_15"": 30, ""agv_16"": 13, ""agv_17"": 49, ""agv_18"": 42, ""agv_19"": 4, ""agv_2"": 74, ""agv_3"": 29, ""agv_4"": 72, ""agv_5"": 60, ""agv_6"": 69, ""agv_7"": 29, ""agv_8"": 77, ""agv_9"": 92}, ""routing"": ""individual_shortest_path_distance"", ""scheduler"": ""queued_resource_allocator_emulator"", ""timed_out"": true}"
prioritized_planning_default_order,2,20,True,1.0,prioritized_graph_astar,,106,106,95550.0,1.0,1070,1050,188.67924528301887,0,0.0,0.028400600000168197,0.028400600000168197,"{""agv_0"": ""0205"", ""agv_1"": ""2706"", ""agv_10"": ""2887"", ""agv_11"": ""0278"", ""agv_12"": ""2561"", ""agv_13"": ""2925"", ""agv_14"": ""2313"", ""agv_15"": ""2514"", ""agv_16"": ""0226"", ""agv_17"": ""0618"", ""agv_18"": ""0570"", ""agv_19"": ""2465"", ""agv_2"": ""2677"", ""agv_3"": ""0522"", ""agv_4"": ""0584"", ""agv_5"": ""2877"", ""agv_6"": ""0364"", ""agv_7"": ""0457"", ""agv_8"": ""0687"", ""agv_9"": ""0717""}","{""agv_0"": ""0702"", ""agv_1"": ""2681"", ""agv_10"": ""2364"", ""agv_11"": ""2782"", ""agv_12"": ""2005"", ""agv_13"": ""0923"", ""agv_14"": ""2435"", ""agv_15"": ""2601"", ""agv_16"": ""0430"", ""agv_17"": ""0526"", ""agv_18"": ""0415"", ""agv_19"": ""0411"", ""agv_2"": ""0303"", ""agv_3"": ""2303"", ""agv_4"": ""0543"", ""agv_5"": ""2780"", ""agv_6"": ""2938"", ""agv_7"": ""2021"", ""agv_8"": ""2501"", ""agv_9"": ""2487""}","{""assignment"": ""fixed_agent_goal_pairs"", ""baseline_note"": ""graph-native prioritized planning in default agent order"", ""external_backend_enabled"": false}"
priority_search,2,20,True,1.0,priority_search,,106,106,95550.0,1.0,1070,1050,188.67924528301887,0,0.0,0.03822869999567047,0.03822869999567047,"{""agv_0"": ""0205"", ""agv_1"": ""2706"", ""agv_10"": ""2887"", ""agv_11"": ""0278"", ""agv_12"": ""2561"", ""agv_13"": ""2925"", ""agv_14"": ""2313"", ""agv_15"": ""2514"", ""agv_16"": ""0226"", ""agv_17"": ""0618"", ""agv_18"": ""0570"", ""agv_19"": ""2465"", ""agv_2"": ""2677"", ""agv_3"": ""0522"", ""agv_4"": ""0584"", ""agv_5"": ""2877"", ""agv_6"": ""0364"", ""agv_7"": ""0457"", ""agv_8"": ""0687"", ""agv_9"": ""0717""}","{""agv_0"": ""0702"", ""agv_1"": ""2681"", ""agv_10"": ""2364"", ""agv_11"": ""2782"", ""agv_12"": ""2005"", ""agv_13"": ""0923"", ""agv_14"": ""2435"", ""agv_15"": ""2601"", ""agv_16"": ""0430"", ""agv_17"": ""0526"", ""agv_18"": ""0415"", ""agv_19"": ""0411"", ""agv_2"": ""0303"", ""agv_3"": ""2303"", ""agv_4"": ""0543"", ""agv_5"": ""2780"", ""agv_6"": ""2938"", ""agv_7"": ""2021"", ""agv_8"": ""2501"", ""agv_9"": ""2487""}","{""base_solver"": ""prioritized_graph_astar"", ""baseline_note"": ""multi-order prioritized planning; full PBS constraint tree deferred"", ""orders_tried"": 1, ""priority_order"": [""agv_0"", ""agv_1"", ""agv_2"", ""agv_3"", ""agv_4"", ""agv_5"", ""agv_6"", ""agv_7"", ""agv_8"", ""agv_9"", ""agv_10"", ""agv_11"", ""agv_12"", ""agv_13"", ""agv_14"", ""agv_15"", ""agv_16"", ""agv_17"", ""agv_18"", ""agv_19""]}"
hungarian_prioritized_planning,2,20,False,0.0,prioritized_graph_astar,prioritized_block,0,70,62850.0,inf,0,0,0.0,0,0.00036789999285247177,0.8700755000027129,0.8704433999955654,"{""agv_0"": ""0205"", ""agv_1"": ""2706"", ""agv_10"": ""2887"", ""agv_11"": ""0278"", ""agv_12"": ""2561"", ""agv_13"": ""2925"", ""agv_14"": ""2313"", ""agv_15"": ""2514"", ""agv_16"": ""0226"", ""agv_17"": ""0618"", ""agv_18"": ""0570"", ""agv_19"": ""2465"", ""agv_2"": ""2677"", ""agv_3"": ""0522"", ""agv_4"": ""0584"", ""agv_5"": ""2877"", ""agv_6"": ""0364"", ""agv_7"": ""0457"", ""agv_8"": ""0687"", ""agv_9"": ""0717""}","{""agv_0"": ""0415"", ""agv_1"": ""2487"", ""agv_10"": ""2780"", ""agv_11"": ""2005"", ""agv_12"": ""2601"", ""agv_13"": ""2938"", ""agv_14"": ""2364"", ""agv_15"": ""2681"", ""agv_16"": ""0430"", ""agv_17"": ""2303"", ""agv_18"": ""0923"", ""agv_19"": ""2435"", ""agv_2"": ""2501"", ""agv_3"": ""0543"", ""agv_4"": ""0702"", ""agv_5"": ""2782"", ""agv_6"": ""0411"", ""agv_7"": ""0303"", ""agv_8"": ""2021"", ""agv_9"": ""0526""}","{""assigned_agents"": 20, ""assignment"": ""hungarian_goal"", ""baseline_note"": ""Hungarian assignment + graph-native prioritized planning"", ""external_backend_enabled"": false, ""failed_agent"": ""agv_14"", ""failure_subtype"": ""prioritized_block""}"
fifo_nearest_prioritized_planning,2,20,True,1.0,prioritized_graph_astar,,70,70,61700.0,1.0,696,704,285.7142857142857,0,0.00029350000841077417,0.018082399998093024,0.018375900006503798,"{""agv_0"": ""0205"", ""agv_1"": ""2706"", ""agv_10"": ""2887"", ""agv_11"": ""0278"", ""agv_12"": ""2561"", ""agv_13"": ""2925"", ""agv_14"": ""2313"", ""agv_15"": ""2514"", ""agv_16"": ""0226"", ""agv_17"": ""0618"", ""agv_18"": ""0570"", ""agv_19"": ""2465"", ""agv_2"": ""2677"", ""agv_3"": ""0522"", ""agv_4"": ""0584"", ""agv_5"": ""2877"", ""agv_6"": ""0364"", ""agv_7"": ""0457"", ""agv_8"": ""0687"", ""agv_9"": ""0717""}","{""agv_0"": ""0303"", ""agv_1"": ""2487"", ""agv_10"": ""2782"", ""agv_11"": ""2005"", ""agv_12"": ""2681"", ""agv_13"": ""2435"", ""agv_14"": ""0411"", ""agv_15"": ""2780"", ""agv_16"": ""2364"", ""agv_17"": ""2021"", ""agv_18"": ""0923"", ""agv_19"": ""2303"", ""agv_2"": ""2501"", ""agv_3"": ""0543"", ""agv_4"": ""0702"", ""agv_5"": ""2938"", ""agv_6"": ""0430"", ""agv_7"": ""0415"", ""agv_8"": ""2601"", ""agv_9"": ""0526""}","{""assigned_agents"": 20, ""assignment"": ""fifo_nearest_goal"", ""baseline_note"": ""FIFO-nearest assignment + graph-native prioritized planning"", ""external_backend_enabled"": false}"
opentcs_default_emulator,2,20,False,0.0,opentcs_default_emulator,timeout,512,74,63650.0,inf,635,9605,0.0,0,0.00019409999367780983,0.04219720000401139,0.0423912999976892,"{""agv_0"": ""0205"", ""agv_1"": ""2706"", ""agv_10"": ""2887"", ""agv_11"": ""0278"", ""agv_12"": ""2561"", ""agv_13"": ""2925"", ""agv_14"": ""2313"", ""agv_15"": ""2514"", ""agv_16"": ""0226"", ""agv_17"": ""0618"", ""agv_18"": ""0570"", ""agv_19"": ""2465"", ""agv_2"": ""2677"", ""agv_3"": ""0522"", ""agv_4"": ""0584"", ""agv_5"": ""2877"", ""agv_6"": ""0364"", ""agv_7"": ""0457"", ""agv_8"": ""0687"", ""agv_9"": ""0717""}","{""agv_0"": ""2005"", ""agv_1"": ""2487"", ""agv_10"": ""2782"", ""agv_11"": ""0923"", ""agv_12"": ""2601"", ""agv_13"": ""2780"", ""agv_14"": ""2021"", ""agv_15"": ""2501"", ""agv_16"": ""0303"", ""agv_17"": ""0526"", ""agv_18"": ""0702"", ""agv_19"": ""2303"", ""agv_2"": ""2681"", ""agv_3"": ""0543"", ""agv_4"": ""0415"", ""agv_5"": ""2938"", ""agv_6"": ""0411"", ""agv_7"": ""0430"", ""agv_8"": ""2364"", ""agv_9"": ""2435""}","{""assigned_agents"": 20, ""assignment"": ""opentcs_default_dispatcher_vehicle_first_cost_greedy"", ""blocked_move_requests"": 481, ""deadlock_recovery"": ""not_emulated"", ""emulation_scope"": ""dispatcher_router_scheduler"", ""queued_retries"": 479, ""routes"": {""agv_0"": 14, ""agv_1"": 31, ""agv_10"": 29, ""agv_11"": 20, ""agv_12"": 4, ""agv_13"": 35, ""agv_14"": 35, ""agv_15"": 14, ""agv_16"": 19, ""agv_17"": 23, ""agv_18"": 15, ""agv_19"": 26, ""agv_2"": 51, ""agv_3"": 17, ""agv_4"": 44, ""agv_5"": 57, ""agv_6"": 28, ""agv_7"": 57, ""agv_8"": 61, ""agv_9"": 74}, ""routing"": ""individual_shortest_path_distance"", ""scheduler"": ""queued_resource_allocator_emulator"", ""timed_out"": true}"
prioritized_planning_default_order,3,20,False,0.0,prioritized_graph_astar,prioritized_block,0,91,81900.0,inf,0,1,0.0,0,0.0,1.7132488999923225,1.7132488999923225,"{""agv_0"": ""2798"", ""agv_1"": ""2574"", ""agv_10"": ""0573"", ""agv_11"": ""2241"", ""agv_12"": ""2483"", ""agv_13"": ""0182"", ""agv_14"": ""0375"", ""agv_15"": ""0282"", ""agv_16"": ""2906"", ""agv_17"": ""2003"", ""agv_18"": ""2334"", ""agv_19"": ""2661"", ""agv_2"": ""0203"", ""agv_3"": ""2061"", ""agv_4"": ""0487"", ""agv_5"": ""2029"", ""agv_6"": ""0750"", ""agv_7"": ""0395"", ""agv_8"": ""0695"", ""agv_9"": ""2616""}","{""agv_0"": ""0530"", ""agv_1"": ""2658"", ""agv_10"": ""2356"", ""agv_11"": ""0269"", ""agv_12"": ""0607"", ""agv_13"": ""0401"", ""agv_14"": ""0615"", ""agv_15"": ""0560"", ""agv_16"": ""2466"", ""agv_17"": ""0398"", ""agv_18"": ""2668"", ""agv_19"": ""2534"", ""agv_2"": ""2787"", ""agv_3"": ""0929"", ""agv_4"": ""2588"", ""agv_5"": ""2463"", ""agv_6"": ""2401"", ""agv_7"": ""2756"", ""agv_8"": ""2511"", ""agv_9"": ""0311""}","{""assignment"": ""fixed_agent_goal_pairs"", ""baseline_note"": ""graph-native prioritized planning in default agent order"", ""external_backend_enabled"": false, ""failed_agent"": ""agv_18"", ""failure_subtype"": ""prioritized_block""}"
priority_search,3,20,True,1.0,priority_search,,91,91,81900.0,1.0,1053,767,219.78021978021977,0,0.0,13.941399900009856,13.941399900009856,"{""agv_0"": ""2798"", ""agv_1"": ""2574"", ""agv_10"": ""0573"", ""agv_11"": ""2241"", ""agv_12"": ""2483"", ""agv_13"": ""0182"", ""agv_14"": ""0375"", ""agv_15"": ""0282"", ""agv_16"": ""2906"", ""agv_17"": ""2003"", ""agv_18"": ""2334"", ""agv_19"": ""2661"", ""agv_2"": ""0203"", ""agv_3"": ""2061"", ""agv_4"": ""0487"", ""agv_5"": ""2029"", ""agv_6"": ""0750"", ""agv_7"": ""0395"", ""agv_8"": ""0695"", ""agv_9"": ""2616""}","{""agv_0"": ""0530"", ""agv_1"": ""2658"", ""agv_10"": ""2356"", ""agv_11"": ""0269"", ""agv_12"": ""0607"", ""agv_13"": ""0401"", ""agv_14"": ""0615"", ""agv_15"": ""0560"", ""agv_16"": ""2466"", ""agv_17"": ""0398"", ""agv_18"": ""2668"", ""agv_19"": ""2534"", ""agv_2"": ""2787"", ""agv_3"": ""0929"", ""agv_4"": ""2588"", ""agv_5"": ""2463"", ""agv_6"": ""2401"", ""agv_7"": ""2756"", ""agv_8"": ""2511"", ""agv_9"": ""0311""}","{""base_solver"": ""prioritized_graph_astar"", ""baseline_note"": ""multi-order prioritized planning; full PBS constraint tree deferred"", ""orders_tried"": 9, ""priority_order"": [""agv_5"", ""agv_6"", ""agv_7"", ""agv_8"", ""agv_9"", ""agv_10"", ""agv_11"", ""agv_12"", ""agv_13"", ""agv_14"", ""agv_15"", ""agv_16"", ""agv_17"", ""agv_18"", ""agv_19"", ""agv_0"", ""agv_1"", ""agv_2"", ""agv_3"", ""agv_4""]}"
hungarian_prioritized_planning,3,20,False,0.0,prioritized_graph_astar,prioritized_block,0,90,81100.0,inf,0,0,0.0,0,0.0006333999917842448,0.028944200006662868,0.029577599998447113,"{""agv_0"": ""2798"", ""agv_1"": ""2574"", ""agv_10"": ""0573"", ""agv_11"": ""2241"", ""agv_12"": ""2483"", ""agv_13"": ""0182"", ""agv_14"": ""0375"", ""agv_15"": ""0282"", ""agv_16"": ""2906"", ""agv_17"": ""2003"", ""agv_18"": ""2334"", ""agv_19"": ""2661"", ""agv_2"": ""0203"", ""agv_3"": ""2061"", ""agv_4"": ""0487"", ""agv_5"": ""2029"", ""agv_6"": ""0750"", ""agv_7"": ""0395"", ""agv_8"": ""0695"", ""agv_9"": ""2616""}","{""agv_0"": ""2756"", ""agv_1"": ""2511"", ""agv_10"": ""0929"", ""agv_11"": ""2401"", ""agv_12"": ""2463"", ""agv_13"": ""2534"", ""agv_14"": ""0398"", ""agv_15"": ""0401"", ""agv_16"": ""2588"", ""agv_17"": ""0560"", ""agv_18"": ""2658"", ""agv_19"": ""2668"", ""agv_2"": ""0311"", ""agv_3"": ""2787"", ""agv_4"": ""0615"", ""agv_5"": ""2356"", ""agv_6"": ""0530"", ""agv_7"": ""0269"", ""agv_8"": ""0607"", ""agv_9"": ""2466""}","{""assigned_agents"": 20, ""assignment"": ""hungarian_goal"", ""baseline_note"": ""Hungarian assignment + graph-native prioritized planning"", ""external_backend_enabled"": false, ""failed_agent"": ""agv_16"", ""failure_subtype"": ""prioritized_block""}"
fifo_nearest_prioritized_planning,3,20,False,0.0,prioritized_graph_astar,prioritized_block,0,74,67700.0,inf,0,0,0.0,0,0.00018339999951422215,1.6746447000041371,1.6748281000036513,"{""agv_0"": ""2798"", ""agv_1"": ""2574"", ""agv_10"": ""0573"", ""agv_11"": ""2241"", ""agv_12"": ""2483"", ""agv_13"": ""0182"", ""agv_14"": ""0375"", ""agv_15"": ""0282"", ""agv_16"": ""2906"", ""agv_17"": ""2003"", ""agv_18"": ""2334"", ""agv_19"": ""2661"", ""agv_2"": ""0203"", ""agv_3"": ""2061"", ""agv_4"": ""0487"", ""agv_5"": ""2029"", ""agv_6"": ""0750"", ""agv_7"": ""0395"", ""agv_8"": ""0695"", ""agv_9"": ""2616""}","{""agv_0"": ""2756"", ""agv_1"": ""2463"", ""agv_10"": ""0615"", ""agv_11"": ""2401"", ""agv_12"": ""2588"", ""agv_13"": ""2787"", ""agv_14"": ""0560"", ""agv_15"": ""0311"", ""agv_16"": ""2668"", ""agv_17"": ""0269"", ""agv_18"": ""2534"", ""agv_19"": ""2466"", ""agv_2"": ""0401"", ""agv_3"": ""2658"", ""agv_4"": ""0929"", ""agv_5"": ""2511"", ""agv_6"": ""0530"", ""agv_7"": ""0398"", ""agv_8"": ""0607"", ""agv_9"": ""2356""}","{""assigned_agents"": 20, ""assignment"": ""fifo_nearest_goal"", ""baseline_note"": ""FIFO-nearest assignment + graph-native prioritized planning"", ""external_backend_enabled"": false, ""failed_agent"": ""agv_14"", ""failure_subtype"": ""prioritized_block""}"
opentcs_default_emulator,3,20,False,0.0,opentcs_default_emulator,timeout,512,81,71200.0,inf,452,9788,0.0,0,0.00019190000602975488,0.04098380000505131,0.04117570001108106,"{""agv_0"": ""2798"", ""agv_1"": ""2574"", ""agv_10"": ""0573"", ""agv_11"": ""2241"", ""agv_12"": ""2483"", ""agv_13"": ""0182"", ""agv_14"": ""0375"", ""agv_15"": ""0282"", ""agv_16"": ""2906"", ""agv_17"": ""2003"", ""agv_18"": ""2334"", ""agv_19"": ""2661"", ""agv_2"": ""0203"", ""agv_3"": ""2061"", ""agv_4"": ""0487"", ""agv_5"": ""2029"", ""agv_6"": ""0750"", ""agv_7"": ""0395"", ""agv_8"": ""0695"", ""agv_9"": ""2616""}","{""agv_0"": ""2756"", ""agv_1"": ""2463"", ""agv_10"": ""0929"", ""agv_11"": ""2401"", ""agv_12"": ""2511"", ""agv_13"": ""2466"", ""agv_14"": ""0269"", ""agv_15"": ""0311"", ""agv_16"": ""2534"", ""agv_17"": ""0530"", ""agv_18"": ""0607"", ""agv_19"": ""2588"", ""agv_2"": ""0401"", ""agv_3"": ""2787"", ""agv_4"": ""0615"", ""agv_5"": ""2356"", ""agv_6"": ""0560"", ""agv_7"": ""0398"", ""agv_8"": ""2658"", ""agv_9"": ""2668""}","{""assigned_agents"": 20, ""assignment"": ""opentcs_default_dispatcher_vehicle_first_cost_greedy"", ""blocked_move_requests"": 1935, ""deadlock_recovery"": ""not_emulated"", ""emulation_scope"": ""dispatcher_router_scheduler"", ""queued_retries"": 1931, ""routes"": {""agv_0"": 6, ""agv_1"": 18, ""agv_10"": 20, ""agv_11"": 16, ""agv_12"": 11, ""agv_13"": 10, ""agv_14"": 31, ""agv_15"": 8, ""agv_16"": 40, ""agv_17"": 16, ""agv_18"": 48, ""agv_19"": 43, ""agv_2"": 22, ""agv_3"": 9, ""agv_4"": 19, ""agv_5"": 28, ""agv_6"": 11, ""agv_7"": 45, ""agv_8"": 81, ""agv_9"": 41}, ""routing"": ""individual_shortest_path_distance"", ""scheduler"": ""queued_resource_allocator_emulator"", ""timed_out"": true}"
prioritized_planning_default_order,4,20,False,0.0,prioritized_graph_astar,prioritized_block,0,96,87250.0,inf,0,51,0.0,0,0.0,1.8751229000044987,1.8751229000044987,"{""agv_0"": ""2907"", ""agv_1"": ""0626"", ""agv_10"": ""2770"", ""agv_11"": ""2548"", ""agv_12"": ""0349"", ""agv_13"": ""2872"", ""agv_14"": ""2867"", ""agv_15"": ""2915"", ""agv_16"": ""2771"", ""agv_17"": ""0552"", ""agv_18"": ""2003"", ""agv_19"": ""2927"", ""agv_2"": ""2856"", ""agv_3"": ""2402"", ""agv_4"": ""2900"", ""agv_5"": ""0671"", ""agv_6"": ""2282"", ""agv_7"": ""0672"", ""agv_8"": ""0235"", ""agv_9"": ""0454""}","{""agv_0"": ""2815"", ""agv_1"": ""2583"", ""agv_10"": ""0402"", ""agv_11"": ""2490"", ""agv_12"": ""2855"", ""agv_13"": ""2217"", ""agv_14"": ""2063"", ""agv_15"": ""0263"", ""agv_16"": ""2341"", ""agv_17"": ""0394"", ""agv_18"": ""2661"", ""agv_19"": ""2411"", ""agv_2"": ""2025"", ""agv_3"": ""2818"", ""agv_4"": ""2053"", ""agv_5"": ""2376"", ""agv_6"": ""2667"", ""agv_7"": ""2367"", ""agv_8"": ""2945"", ""agv_9"": ""2337""}","{""assignment"": ""fixed_agent_goal_pairs"", ""baseline_note"": ""graph-native prioritized planning in default agent order"", ""external_backend_enabled"": false, ""failed_agent"": ""agv_8"", ""failure_subtype"": ""prioritized_block""}"
priority_search,4,20,True,1.0,priority_search,,96,96,87250.0,1.0,1250,670,208.33333333333334,0,0.0,3.7888601000013296,3.7888601000013296,"{""agv_0"": ""2907"", ""agv_1"": ""0626"", ""agv_10"": ""2770"", ""agv_11"": ""2548"", ""agv_12"": ""0349"", ""agv_13"": ""2872"", ""agv_14"": ""2867"", ""agv_15"": ""2915"", ""agv_16"": ""2771"", ""agv_17"": ""0552"", ""agv_18"": ""2003"", ""agv_19"": ""2927"", ""agv_2"": ""2856"", ""agv_3"": ""2402"", ""agv_4"": ""2900"", ""agv_5"": ""0671"", ""agv_6"": ""2282"", ""agv_7"": ""0672"", ""agv_8"": ""0235"", ""agv_9"": ""0454""}","{""agv_0"": ""2815"", ""agv_1"": ""2583"", ""agv_10"": ""0402"", ""agv_11"": ""2490"", ""agv_12"": ""2855"", ""agv_13"": ""2217"", ""agv_14"": ""2063"", ""agv_15"": ""0263"", ""agv_16"": ""2341"", ""agv_17"": ""0394"", ""agv_18"": ""2661"", ""agv_19"": ""2411"", ""agv_2"": ""2025"", ""agv_3"": ""2818"", ""agv_4"": ""2053"", ""agv_5"": ""2376"", ""agv_6"": ""2667"", ""agv_7"": ""2367"", ""agv_8"": ""2945"", ""agv_9"": ""2337""}","{""base_solver"": ""prioritized_graph_astar"", ""baseline_note"": ""multi-order prioritized planning; full PBS constraint tree deferred"", ""orders_tried"": 3, ""priority_order"": [""agv_3"", ""agv_12"", ""agv_15"", ""agv_8"", ""agv_10"", ""agv_9"", ""agv_6"", ""agv_5"", ""agv_19"", ""agv_2"", ""agv_7"", ""agv_18"", ""agv_1"", ""agv_16"", ""agv_17"", ""agv_13"", ""agv_14"", ""agv_0"", ""agv_4"", ""agv_11""]}"
hungarian_prioritized_planning,4,20,False,0.0,prioritized_graph_astar,prioritized_block,0,70,62400.0,inf,0,3,0.0,0,0.00041710000368766487,0.773567299998831,0.7739844000025187,"{""agv_0"": ""2907"", ""agv_1"": ""0626"", ""agv_10"": ""2770"", ""agv_11"": ""2548"", ""agv_12"": ""0349"", ""agv_13"": ""2872"", ""agv_14"": ""2867"", ""agv_15"": ""2915"", ""agv_16"": ""2771"", ""agv_17"": ""0552"", ""agv_18"": ""2003"", ""agv_19"": ""2927"", ""agv_2"": ""2856"", ""agv_3"": ""2402"", ""agv_4"": ""2900"", ""agv_5"": ""0671"", ""agv_6"": ""2282"", ""agv_7"": ""0672"", ""agv_8"": ""0235"", ""agv_9"": ""0454""}","{""agv_0"": ""2855"", ""agv_1"": ""2025"", ""agv_10"": ""2063"", ""agv_11"": ""2667"", ""agv_12"": ""2367"", ""agv_13"": ""2583"", ""agv_14"": ""2490"", ""agv_15"": ""2945"", ""agv_16"": ""2818"", ""agv_17"": ""2376"", ""agv_18"": ""0263"", ""agv_19"": ""2661"", ""agv_2"": ""2815"", ""agv_3"": ""2341"", ""agv_4"": ""2053"", ""agv_5"": ""2337"", ""agv_6"": ""2411"", ""agv_7"": ""2217"", ""agv_8"": ""0394"", ""agv_9"": ""0402""}","{""assigned_agents"": 20, ""assignment"": ""hungarian_goal"", ""baseline_note"": ""Hungarian assignment + graph-native prioritized planning"", ""external_backend_enabled"": false, ""failed_agent"": ""agv_5"", ""failure_subtype"": ""prioritized_block""}"
fifo_nearest_prioritized_planning,4,20,False,0.0,prioritized_graph_astar,prioritized_block,0,77,67550.0,inf,0,60,0.0,0,0.0001686000032350421,1.7234075000014855,1.7235761000047205,"{""agv_0"": ""2907"", ""agv_1"": ""0626"", ""agv_10"": ""2770"", ""agv_11"": ""2548"", ""agv_12"": ""0349"", ""agv_13"": ""2872"", ""agv_14"": ""2867"", ""agv_15"": ""2915"", ""agv_16"": ""2771"", ""agv_17"": ""0552"", ""agv_18"": ""2003"", ""agv_19"": ""2927"", ""agv_2"": ""2856"", ""agv_3"": ""2402"", ""agv_4"": ""2900"", ""agv_5"": ""0671"", ""agv_6"": ""2282"", ""agv_7"": ""0672"", ""agv_8"": ""0235"", ""agv_9"": ""0454""}","{""agv_0"": ""2337"", ""agv_1"": ""2217"", ""agv_10"": ""2053"", ""agv_11"": ""2583"", ""agv_12"": ""0263"", ""agv_13"": ""2376"", ""agv_14"": ""2667"", ""agv_15"": ""2945"", ""agv_16"": ""2818"", ""agv_17"": ""2025"", ""agv_18"": ""2855"", ""agv_19"": ""2490"", ""agv_2"": ""2815"", ""agv_3"": ""2411"", ""agv_4"": ""2367"", ""agv_5"": ""2661"", ""agv_6"": ""2341"", ""agv_7"": ""0394"", ""agv_8"": ""2063"", ""agv_9"": ""0402""}","{""assigned_agents"": 20, ""assignment"": ""fifo_nearest_goal"", ""baseline_note"": ""FIFO-nearest assignment + graph-native prioritized planning"", ""external_backend_enabled"": false, ""failed_agent"": ""agv_18"", ""failure_subtype"": ""prioritized_block""}"
opentcs_default_emulator,4,20,False,0.0,opentcs_default_emulator,timeout,512,96,84850.0,inf,578,9662,0.0,0,0.00019109999993816018,0.04655810000258498,0.04674920000252314,"{""agv_0"": ""2907"", ""agv_1"": ""0626"", ""agv_10"": ""2770"", ""agv_11"": ""2548"", ""agv_12"": ""0349"", ""agv_13"": ""2872"", ""agv_14"": ""2867"", ""agv_15"": ""2915"", ""agv_16"": ""2771"", ""agv_17"": ""0552"", ""agv_18"": ""2003"", ""agv_19"": ""2927"", ""agv_2"": ""2856"", ""agv_3"": ""2402"", ""agv_4"": ""2900"", ""agv_5"": ""0671"", ""agv_6"": ""2282"", ""agv_7"": ""0672"", ""agv_8"": ""0235"", ""agv_9"": ""0454""}","{""agv_0"": ""2053"", ""agv_1"": ""2025"", ""agv_10"": ""2063"", ""agv_11"": ""2667"", ""agv_12"": ""0263"", ""agv_13"": ""2490"", ""agv_14"": ""2815"", ""agv_15"": ""2945"", ""agv_16"": ""2217"", ""agv_17"": ""0394"", ""agv_18"": ""0402"", ""agv_19"": ""2855"", ""agv_2"": ""2583"", ""agv_3"": ""2341"", ""agv_4"": ""2818"", ""agv_5"": ""2337"", ""agv_6"": ""2411"", ""agv_7"": ""2376"", ""agv_8"": ""2367"", ""agv_9"": ""2661""}","{""assigned_agents"": 20, ""assignment"": ""opentcs_default_dispatcher_vehicle_first_cost_greedy"", ""blocked_move_requests"": 2870, ""deadlock_recovery"": ""not_emulated"", ""emulation_scope"": ""dispatcher_router_scheduler"", ""queued_retries"": 2861, ""routes"": {""agv_0"": 29, ""agv_1"": 25, ""agv_10"": 21, ""agv_11"": 13, ""agv_12"": 28, ""agv_13"": 33, ""agv_14"": 27, ""agv_15"": 3, ""agv_16"": 25, ""agv_17"": 38, ""agv_18"": 23, ""agv_19"": 37, ""agv_2"": 41, ""agv_3"": 37, ""agv_4"": 45, ""agv_5"": 66, ""agv_6"": 32, ""agv_7"": 68, ""agv_8"": 59, ""agv_9"": 96}, ""routing"": ""individual_shortest_path_distance"", ""scheduler"": ""queued_resource_allocator_emulator"", ""timed_out"": true}"
